"org.apache.pulsar.client.api.SimpleProducerConsumerTest.rest",87
"org.apache.pulsar.client.api.SimpleProducerConsumerTest.testConcurrentConsumerReceiveWhileReconnect",47
"org.apache.pulsar.client.api.v1.V1_ProducerConsumerTest.testActiveAndInActiveConsumerEntryCacheBehavior",40
"org.apache.pulsar.broker.stats.PrometheusMetricsTest.testDuplicateMetricTypeDefinitions",22
"org.apache.pulsar.broker.service.persistent.SimpleProducerConsumerTestStreamingDispatcherTest.rest",14
"org.apache.pulsar.metadata.ZKSessionTest.testReacquireLeadershipAfterSessionLost",13
"org.apache.pulsar.broker.admin.NamespacesTest.testSplitBundleForMultiTimes",11
"org.apache.pulsar.broker.admin.AdminApi2Test.resetClusters",10
"org.apache.pulsar.metadata.ZKSessionTest.testReacquireLocksAfterSessionLost",8
"org.apache.pulsar.tests.integration.io.sources.debezium.PulsarDebeziumOracleSourceTest.testDebeziumOracleDbSource",5
"org.apache.pulsar.broker.service.persistent.PersistentSubscriptionMessageDispatchStreamingDispatcherThrottlingTest.testMultiLevelDispatch",4
"org.apache.pulsar.websocket.proxy.v1.V1_ProxyAuthenticationTest.authenticatedSocketTest",3
"org.apache.pulsar.functions.worker.PulsarFunctionTlsTest.tearDown",3
"org.apache.pulsar.websocket.proxy.ProxyPublishConsumeWithoutZKTest.socketTest",3
"org.apache.pulsar.testclient.PerformanceTransactionTest.testConsumeTxnMessage",3
"org.apache.pulsar.broker.service.persistent.PersistentStreamingDispatcherBlockConsumerTest.testBrokerSubscriptionRecovery",2
"org.apache.pulsar.broker.service.persistent.PersistentSubscriptionMessageDispatchStreamingDispatcherThrottlingTest.testRelativeMessageRateLimitingThrottling",2
"org.apache.pulsar.broker.service.persistent.SimpleProducerConsumerTestStreamingDispatcherTest.testMultiTopicsConsumerImplPauseForManualSubscription",1
"org.apache.pulsar.broker.service.persistent.PersistentDispatcherFailoverConsumerStreamingDispatcherTest.testAddRemoveConsumer",1
"org.apache.pulsar.client.api.BrokerServiceLookupTest.testConcurrentWriteBrokerData",1
"org.apache.pulsar.broker.service.ReplicatorTest.beforeMethod",1
"org.apache.pulsar.broker.service.plugin.FilterEntryTest.testEntryFilterRescheduleMessageDependingOnConsumerSharedSubscription",1
"org.apache.pulsar.broker.admin.PersistentTopicsTest.cleanup",1
"org.apache.pulsar.broker.service.persistent.PersistentSubscriptionMessageDispatchStreamingDispatcherThrottlingTest.testBytesRateLimitingReceiveAllMessagesAfterThrottling",1
"org.apache.pulsar.broker.admin.PersistentTopicsTest.testInternalGetReplicatedSubscriptionStatusFromLocal",1
"org.apache.pulsar.client.api.BrokerServiceLookupTest.testModularLoadManagerSplitBundle",1
"org.apache.pulsar.broker.service.ReplicatorTest.testDoNotReplicateSystemTopic",1
"org.apache.pulsar.client.api.TopicReaderTest.testReaderIsAbleToSeekWithTimeOnMiddleOfTopic",1
"org.apache.pulsar.broker.service.ReplicatorSubscriptionTest.cleanup",1
"org.apache.pulsar.websocket.proxy.v1.V1_ProxyAuthenticationTest.anonymousSocketTest",1
"org.apache.pulsar.functions.worker.PulsarFunctionLocalRunTest.setup",1
"org.apache.pulsar.broker.loadbalance.AdvertisedListenersTest.setup",1
"org.apache.pulsar.proxy.server.ProxyRefreshAuthTest.testAuthDataRefresh",1