Test method name	Failures	Report	Search issues	Create issue	Fixed by
PersistentDispatcherFailoverConsumerTest.testAddRemoveConsumer	11	=HYPERLINK("https://github.com/lhotari/pulsar-flakes/blob/master/2023-10-27-to-2023-11-06/org.apache.pulsar.broker.service.PersistentDispatcherFailoverConsumerTest.testAddRemoveConsumer.md","Report")	=HYPERLINK("https://github.com/apache/pulsar/issues?q=PersistentDispatcherFailoverConsumerTest%20testAddRemoveConsumer","Issues")	=HYPERLINK("https://github.com/apache/pulsar/issues/new?labels=flaky-tests&title=Flaky-test%3A+PersistentDispatcherFailoverConsumerTest.testAddRemoveConsumer&body=%0A%23%23%23+Search+before+asking%0A%0A-+%5BX%5D+I+searched+in+the+%5Bissues%5D%28https%3A%2F%2Fgithub.com%2Fapache%2Fpulsar%2Fissues%29+and+found+nothing+similar.%0A%0A%23%23%23+Example+failures%0A%0A-+%5B2023-11-04T22%3A14%3A28.4440428Z%5D%28https%3A%2F%2Fgithub.com%2Fapache%2Fpulsar%2Factions%2Fruns%2F6757378234%2Fjob%2F18367879225%23step%3A9%3A598%29+%0A-+%5B2023-11-03T22%3A48%3A36.2722672Z%5D%28https%3A%2F%2Fgithub.com%2Fapache%2Fpulsar%2Factions%2Fruns%2F6743720388%2Fjob%2F18353949572%23step%3A9%3A676%29+%0A-+%5B2023-11-03T01%3A34%3A07.0048022Z%5D%28https%3A%2F%2Fgithub.com%2Fapache%2Fpulsar%2Factions%2Fruns%2F6740140656%2Fjob%2F18322783445%23step%3A9%3A500%29+%0A-+%5B2023-11-02T11%3A52%3A27.8191887Z%5D%28https%3A%2F%2Fgithub.com%2Fapache%2Fpulsar%2Factions%2Fruns%2F6729660000%2Fjob%2F18297899093%23step%3A9%3A508%29+%0A%0A%0A%23%23%23+Exception+stacktrace%0A%0A%60%60%60%0Ajava.lang.AssertionError%3A+expected+object+to+not+be+null%0A%09at+org.testng.Assert.fail%28Assert.java%3A110%29%0A%09at+org.testng.Assert.assertNotNull%28Assert.java%3A1483%29%0A%09at+org.testng.Assert.assertNotNull%28Assert.java%3A1467%29%0A%09at+org.apache.pulsar.broker.service.PersistentDispatcherFailoverConsumerTest.testAddRemoveConsumer%28PersistentDispatcherFailoverConsumerTest.java%3A380%29%0A%09at+java.base%2Fjdk.internal.reflect.NativeMethodAccessorImpl.invoke0%28Native+Method%29%0A%09at+java.base%2Fjdk.internal.reflect.NativeMethodAccessorImpl.invoke%28NativeMethodAccessorImpl.java%3A77%29%0A%09at+java.base%2Fjdk.internal.reflect.DelegatingMethodAccessorImpl.invoke%28DelegatingMethodAccessorImpl.java%3A43%29%0A%09at+java.base%2Fjava.lang.reflect.Method.invoke%28Method.java%3A568%29%0A%09at+org.testng.internal.invokers.MethodInvocationHelper.invokeMethod%28MethodInvocationHelper.java%3A139%29%0A%09at+org.testng.internal.invokers.InvokeMethodRunnable.runOne%28InvokeMethodRunnable.java%3A47%29%0A%09at+org.testng.internal.invokers.InvokeMethodRunnable.call%28InvokeMethodRunnable.java%3A76%29%0A%09at+org.testng.internal.invokers.InvokeMethodRunnable.call%28InvokeMethodRunnable.java%3A11%29%0A%09at+java.base%2Fjava.util.concurrent.FutureTask.run%28FutureTask.java%3A264%29%0A%09at+java.base%2Fjava.util.concurrent.ThreadPoolExecutor.runWorker%28ThreadPoolExecutor.java%3A1136%29%0A%09at+java.base%2Fjava.util.concurrent.ThreadPoolExecutor%24Worker.run%28ThreadPoolExecutor.java%3A635%29%0A%09at+java.base%2Fjava.lang.Thread.run%28Thread.java%3A840%29%0A%0A%60%60%60%0A%0A%0A%23%23%23+Are+you+willing+to+submit+a+PR%3F%0A%0A-+%5B+%5D+I%27m+willing+to+submit+a+PR%21%0A","Create issue")	
PulsarDebeziumOracleSourceTest.testDebeziumOracleDbSource	11	=HYPERLINK("https://github.com/lhotari/pulsar-flakes/blob/master/2023-10-27-to-2023-11-06/org.apache.pulsar.tests.integration.io.sources.debezium.PulsarDebeziumOracleSourceTest.testDebeziumOracleDbSource.md","Report")	=HYPERLINK("https://github.com/apache/pulsar/issues?q=PulsarDebeziumOracleSourceTest%20testDebeziumOracleDbSource","Issues")	=HYPERLINK("https://github.com/apache/pulsar/issues/new?labels=flaky-tests&title=Flaky-test%3A+PulsarDebeziumOracleSourceTest.testDebeziumOracleDbSource&body=%0A%23%23%23+Search+before+asking%0A%0A-+%5BX%5D+I+searched+in+the+%5Bissues%5D%28https%3A%2F%2Fgithub.com%2Fapache%2Fpulsar%2Fissues%29+and+found+nothing+similar.%0A%0A%23%23%23+Example+failures%0A%0A-+%5B2023-11-02T07%3A59%3A30.1386330Z%5D%28https%3A%2F%2Fgithub.com%2Fapache%2Fpulsar%2Factions%2Fruns%2F6728946739%2Fjob%2F18290260891%23step%3A12%3A34401%29+%0A-+%5B2023-10-31T08%3A24%3A51.8853522Z%5D%28https%3A%2F%2Fgithub.com%2Fapache%2Fpulsar%2Factions%2Fruns%2F6703167856%2Fjob%2F18214093151%23step%3A12%3A34167%29+%0A-+%5B2023-10-30T08%3A30%3A06.6527341Z%5D%28https%3A%2F%2Fgithub.com%2Fapache%2Fpulsar%2Factions%2Fruns%2F6688642113%2Fjob%2F18173864701%23step%3A12%3A34625%29+%0A-+%5B2023-10-30T06%3A58%3A02.8293573Z%5D%28https%3A%2F%2Fgithub.com%2Fapache%2Fpulsar%2Factions%2Fruns%2F6688642113%2Fjob%2F18171920737%23step%3A12%3A34228%29+%0A-+%5B2023-10-28T17%3A52%3A05.1137706Z%5D%28https%3A%2F%2Fgithub.com%2Fapache%2Fpulsar%2Factions%2Fruns%2F6663345229%2Fjob%2F18149004934%23step%3A12%3A34413%29+%0A%0A%0A%23%23%23+Exception+stacktrace%0A%0A%60%60%60%0Aorg.testng.internal.thread.ThreadTimeoutException%3A+Method+org.apache.pulsar.tests.integration.io.sources.debezium.PulsarDebeziumOracleSourceTest.testDebeziumOracleDbSource%28%29+didn%27t+finish+within+the+time-out+1800000%0A%09at+java.base%4017.0.8.1%2Fjava.lang.Thread.sleep%28Native+Method%29%0A%09at+app%2F%2Forg.apache.pulsar.tests.integration.io.sources.debezium.DebeziumOracleDbSourceTester.waitForOracleStatus%28DebeziumOracleDbSourceTester.java%3A183%29%0A%09at+app%2F%2Forg.apache.pulsar.tests.integration.io.sources.debezium.DebeziumOracleDbSourceTester.prepareSource%28DebeziumOracleDbSourceTester.java%3A155%29%0A%09at+app%2F%2Forg.apache.pulsar.tests.integration.io.sources.PulsarIOSourceRunner.prepareSource%28PulsarIOSourceRunner.java%3A117%29%0A%09at+app%2F%2Forg.apache.pulsar.tests.integration.io.sources.debezium.PulsarIODebeziumSourceRunner.internalTestSource%28PulsarIODebeziumSourceRunner.java%3A75%29%0A%09at+app%2F%2Forg.apache.pulsar.tests.integration.io.sources.debezium.PulsarIODebeziumSourceRunner.testSource%28PulsarIODebeziumSourceRunner.java%3A66%29%0A%09at+app%2F%2Forg.apache.pulsar.tests.integration.io.sources.debezium.PulsarDebeziumOracleSourceTest.testDebeziumOracleDbConnect%28PulsarDebeziumOracleSourceTest.java%3A85%29%0A%09at+app%2F%2Forg.apache.pulsar.tests.integration.io.sources.debezium.PulsarDebeziumOracleSourceTest.testDebeziumOracleDbSource%28PulsarDebeziumOracleSourceTest.java%3A48%29%0A%09at+java.base%4017.0.8.1%2Fjdk.internal.reflect.NativeMethodAccessorImpl.invoke0%28Native+Method%29%0A%09at+java.base%4017.0.8.1%2Fjdk.internal.reflect.NativeMethodAccessorImpl.invoke%28NativeMethodAccessorImpl.java%3A77%29%0A%09at+java.base%4017.0.8.1%2Fjdk.internal.reflect.DelegatingMethodAccessorImpl.invoke%28DelegatingMethodAccessorImpl.java%3A43%29%0A%09at+java.base%4017.0.8.1%2Fjava.lang.reflect.Method.invoke%28Method.java%3A568%29%0A%09at+app%2F%2Forg.testng.internal.invokers.MethodInvocationHelper.invokeMethod%28MethodInvocationHelper.java%3A139%29%0A%09at+app%2F%2Forg.testng.internal.invokers.InvokeMethodRunnable.runOne%28InvokeMethodRunnable.java%3A47%29%0A%09at+app%2F%2Forg.testng.internal.invokers.InvokeMethodRunnable.call%28InvokeMethodRunnable.java%3A76%29%0A%09at+app%2F%2Forg.testng.internal.invokers.InvokeMethodRunnable.call%28InvokeMethodRunnable.java%3A11%29%0A%09at+java.base%4017.0.8.1%2Fjava.util.concurrent.FutureTask.run%28FutureTask.java%3A264%29%0A%09at+java.base%4017.0.8.1%2Fjava.util.concurrent.ThreadPoolExecutor.runWorker%28ThreadPoolExecutor.java%3A1136%29%0A%09at+java.base%4017.0.8.1%2Fjava.util.concurrent.ThreadPoolExecutor%24Worker.run%28ThreadPoolExecutor.java%3A635%29%0A%09at+java.base%4017.0.8.1%2Fjava.lang.Thread.run%28Thread.java%3A833%29%0A%0A%60%60%60%0A%0A%0A%23%23%23+Are+you+willing+to+submit+a+PR%3F%0A%0A-+%5B+%5D+I%27m+willing+to+submit+a+PR%21%0A","Create issue")	
ExtensibleLoadManagerImplTest.testCheckOwnershipAsync	6	=HYPERLINK("https://github.com/lhotari/pulsar-flakes/blob/master/2023-10-27-to-2023-11-06/org.apache.pulsar.broker.loadbalance.extensions.ExtensibleLoadManagerImplTest.testCheckOwnershipAsync.md","Report")	=HYPERLINK("https://github.com/apache/pulsar/issues?q=ExtensibleLoadManagerImplTest%20testCheckOwnershipAsync","Issues")	=HYPERLINK("https://github.com/apache/pulsar/issues/new?labels=flaky-tests&title=Flaky-test%3A+ExtensibleLoadManagerImplTest.testCheckOwnershipAsync&body=%0A%23%23%23+Search+before+asking%0A%0A-+%5BX%5D+I+searched+in+the+%5Bissues%5D%28https%3A%2F%2Fgithub.com%2Fapache%2Fpulsar%2Fissues%29+and+found+nothing+similar.%0A%0A%23%23%23+Example+failures%0A%0A-+%5B2023-11-01T23%3A47%3A19.2053790Z%5D%28https%3A%2F%2Fgithub.com%2Fapache%2Fpulsar%2Factions%2Fruns%2F6726225527%2Fjob%2F18282371453%23step%3A11%3A1248%29+%0A-+%5B2023-10-30T05%3A39%3A37.2619137Z%5D%28https%3A%2F%2Fgithub.com%2Fapache%2Fpulsar%2Factions%2Fruns%2F6688642113%2Fjob%2F18171194753%23step%3A10%3A1339%29+%0A-+%5B2023-10-29T00%3A46%3A07.4655335Z%5D%28https%3A%2F%2Fgithub.com%2Fapache%2Fpulsar%2Factions%2Fruns%2F6680066364%2Fjob%2F18152956093%23step%3A11%3A1529%29+%0A%0A%0A%23%23%23+Exception+stacktrace%0A%0A%60%60%60%0Ajava.lang.AssertionError%3A+expected+%5Bfalse%5D+but+found+%5Btrue%5D%0A%09at+org.testng.Assert.fail%28Assert.java%3A110%29%0A%09at+org.testng.Assert.failNotEquals%28Assert.java%3A1577%29%0A%09at+org.testng.Assert.assertFalse%28Assert.java%3A78%29%0A%09at+org.testng.Assert.assertFalse%28Assert.java%3A88%29%0A%09at+org.apache.pulsar.broker.loadbalance.extensions.ExtensibleLoadManagerImplTest.testCheckOwnershipAsync%28ExtensibleLoadManagerImplTest.java%3A268%29%0A%09at+java.base%2Fjdk.internal.reflect.NativeMethodAccessorImpl.invoke0%28Native+Method%29%0A%09at+java.base%2Fjdk.internal.reflect.NativeMethodAccessorImpl.invoke%28NativeMethodAccessorImpl.java%3A77%29%0A%09at+java.base%2Fjdk.internal.reflect.DelegatingMethodAccessorImpl.invoke%28DelegatingMethodAccessorImpl.java%3A43%29%0A%09at+java.base%2Fjava.lang.reflect.Method.invoke%28Method.java%3A568%29%0A%09at+org.testng.internal.invokers.MethodInvocationHelper.invokeMethod%28MethodInvocationHelper.java%3A139%29%0A%09at+org.testng.internal.invokers.InvokeMethodRunnable.runOne%28InvokeMethodRunnable.java%3A47%29%0A%09at+org.testng.internal.invokers.InvokeMethodRunnable.call%28InvokeMethodRunnable.java%3A76%29%0A%09at+org.testng.internal.invokers.InvokeMethodRunnable.call%28InvokeMethodRunnable.java%3A11%29%0A%09at+java.base%2Fjava.util.concurrent.FutureTask.run%28FutureTask.java%3A264%29%0A%09at+java.base%2Fjava.util.concurrent.ThreadPoolExecutor.runWorker%28ThreadPoolExecutor.java%3A1136%29%0A%09at+java.base%2Fjava.util.concurrent.ThreadPoolExecutor%24Worker.run%28ThreadPoolExecutor.java%3A635%29%0A%09at+java.base%2Fjava.lang.Thread.run%28Thread.java%3A833%29%0A%0A%60%60%60%0A%0A%0A%23%23%23+Are+you+willing+to+submit+a+PR%3F%0A%0A-+%5B+%5D+I%27m+willing+to+submit+a+PR%21%0A","Create issue")	
PulsarFunctionsJavaProcessTest.testJavaExclamationFunction	6	=HYPERLINK("https://github.com/lhotari/pulsar-flakes/blob/master/2023-10-27-to-2023-11-06/org.apache.pulsar.tests.integration.functions.java.PulsarFunctionsJavaProcessTest.testJavaExclamationFunction.md","Report")	=HYPERLINK("https://github.com/apache/pulsar/issues?q=PulsarFunctionsJavaProcessTest%20testJavaExclamationFunction","Issues")	=HYPERLINK("https://github.com/apache/pulsar/issues/new?labels=flaky-tests&title=Flaky-test%3A+PulsarFunctionsJavaProcessTest.testJavaExclamationFunction&body=%0A%23%23%23+Search+before+asking%0A%0A-+%5BX%5D+I+searched+in+the+%5Bissues%5D%28https%3A%2F%2Fgithub.com%2Fapache%2Fpulsar%2Fissues%29+and+found+nothing+similar.%0A%0A%23%23%23+Example+failures%0A%0A-+%5B2023-11-01T20%3A50%3A39.2872342Z%5D%28https%3A%2F%2Fgithub.com%2Fapache%2Fpulsar%2Factions%2Fruns%2F6724242940%2Fjob%2F18277490856%23step%3A12%3A17484%29+%0A-+%5B2023-10-30T14%3A52%3A20.9795549Z%5D%28https%3A%2F%2Fgithub.com%2Fapache%2Fpulsar%2Factions%2Fruns%2F6693353223%2Fjob%2F18187021711%23step%3A12%3A17520%29+%0A-+%5B2023-10-30T06%3A51%3A08.4734792Z%5D%28https%3A%2F%2Fgithub.com%2Fapache%2Fpulsar%2Factions%2Fruns%2F6688692333%2Fjob%2F18172114449%23step%3A12%3A17734%29+%0A%0A%0A%23%23%23+Exception+stacktrace%0A%0A%60%60%60%0Aorg.awaitility.core.ConditionTimeoutException%3A+Assertion+condition+defined+as+a+org.apache.pulsar.tests.integration.functions.PulsarFunctionsTest+null+within+15+seconds.%0A%09at+org.awaitility.core.ConditionAwaiter.await%28ConditionAwaiter.java%3A167%29%0A%09at+org.awaitility.core.AssertionCondition.await%28AssertionCondition.java%3A119%29%0A%09at+org.awaitility.core.AssertionCondition.await%28AssertionCondition.java%3A31%29%0A%09at+org.awaitility.core.ConditionFactory.until%28ConditionFactory.java%3A985%29%0A%09at+org.awaitility.core.ConditionFactory.untilAsserted%28ConditionFactory.java%3A769%29%0A%09at+org.apache.pulsar.tests.integration.functions.PulsarFunctionsTest.getFunctionStatus%28PulsarFunctionsTest.java%3A1238%29%0A%09at+org.apache.pulsar.tests.integration.functions.PulsarFunctionsTest.testExclamationFunction%28PulsarFunctionsTest.java%3A740%29%0A%09at+org.apache.pulsar.tests.integration.functions.PulsarFunctionsTest.testExclamationFunction%28PulsarFunctionsTest.java%3A672%29%0A%09at+org.apache.pulsar.tests.integration.functions.java.PulsarFunctionsJavaTest.testJavaExclamationFunction%28PulsarFunctionsJavaTest.java%3A104%29%0A%09at+java.base%2Fjdk.internal.reflect.NativeMethodAccessorImpl.invoke0%28Native+Method%29%0A%09at+java.base%2Fjdk.internal.reflect.NativeMethodAccessorImpl.invoke%28NativeMethodAccessorImpl.java%3A77%29%0A%09at+java.base%2Fjdk.internal.reflect.DelegatingMethodAccessorImpl.invoke%28DelegatingMethodAccessorImpl.java%3A43%29%0A%09at+java.base%2Fjava.lang.reflect.Method.invoke%28Method.java%3A568%29%0A%09at+org.testng.internal.invokers.MethodInvocationHelper.invokeMethod%28MethodInvocationHelper.java%3A139%29%0A%09at+org.testng.internal.invokers.InvokeMethodRunnable.runOne%28InvokeMethodRunnable.java%3A47%29%0A%09at+org.testng.internal.invokers.InvokeMethodRunnable.call%28InvokeMethodRunnable.java%3A76%29%0A%09at+org.testng.internal.invokers.InvokeMethodRunnable.call%28InvokeMethodRunnable.java%3A11%29%0A%09at+java.base%2Fjava.util.concurrent.FutureTask.run%28FutureTask.java%3A264%29%0A%09at+java.base%2Fjava.util.concurrent.ThreadPoolExecutor.runWorker%28ThreadPoolExecutor.java%3A1136%29%0A%09at+java.base%2Fjava.util.concurrent.ThreadPoolExecutor%24Worker.run%28ThreadPoolExecutor.java%3A635%29%0A%09at+java.base%2Fjava.lang.Thread.run%28Thread.java%3A833%29%0ACaused+by%3A+java.util.concurrent.TimeoutException%0A%09at+java.base%2Fjava.util.concurrent.FutureTask.get%28FutureTask.java%3A204%29%0A%09at+org.awaitility.core.Uninterruptibles.getUninterruptibly%28Uninterruptibles.java%3A101%29%0A%09at+org.awaitility.core.Uninterruptibles.getUninterruptibly%28Uninterruptibles.java%3A81%29%0A%09at+org.awaitility.core.ConditionAwaiter.await%28ConditionAwaiter.java%3A103%29%0A%09...+20+more%0A%0A%60%60%60%0A%0A%0A%23%23%23+Are+you+willing+to+submit+a+PR%3F%0A%0A-+%5B+%5D+I%27m+willing+to+submit+a+PR%21%0A","Create issue")	
BrokerServiceLookupTest.testLookupConnectionNotCloseIfGetUnloadingExOrMetadataEx	3	=HYPERLINK("https://github.com/lhotari/pulsar-flakes/blob/master/2023-10-27-to-2023-11-06/org.apache.pulsar.client.api.BrokerServiceLookupTest.testLookupConnectionNotCloseIfGetUnloadingExOrMetadataEx.md","Report")	=HYPERLINK("https://github.com/apache/pulsar/issues?q=BrokerServiceLookupTest%20testLookupConnectionNotCloseIfGetUnloadingExOrMetadataEx","Issues")	=HYPERLINK("https://github.com/apache/pulsar/issues/new?labels=flaky-tests&title=Flaky-test%3A+BrokerServiceLookupTest.testLookupConnectionNotCloseIfGetUnloadingExOrMetadataEx&body=%0A%23%23%23+Search+before+asking%0A%0A-+%5BX%5D+I+searched+in+the+%5Bissues%5D%28https%3A%2F%2Fgithub.com%2Fapache%2Fpulsar%2Fissues%29+and+found+nothing+similar.%0A%0A%23%23%23+Example+failures%0A%0A-+%5B2023-11-03T05%3A50%3A33.3266295Z%5D%28https%3A%2F%2Fgithub.com%2Fapache%2Fpulsar%2Factions%2Fruns%2F6729660002%2Fjob%2F18326734731%23step%3A11%3A1535%29+%0A-+%5B2023-11-02T11%3A59%3A46.9906168Z%5D%28https%3A%2F%2Fgithub.com%2Fapache%2Fpulsar%2Factions%2Fruns%2F6729660002%2Fjob%2F18298261934%23step%3A11%3A1535%29+%0A%0A%0A%23%23%23+Exception+stacktrace%0A%0A%60%60%60%0Ajava.lang.AssertionError%3A+expected+%5Btrue%5D+but+found+%5Bfalse%5D%0A%09at+org.testng.Assert.fail%28Assert.java%3A110%29%0A%09at+org.testng.Assert.failNotEquals%28Assert.java%3A1577%29%0A%09at+org.testng.Assert.assertTrue%28Assert.java%3A56%29%0A%09at+org.testng.Assert.assertTrue%28Assert.java%3A66%29%0A%09at+org.apache.pulsar.client.api.BrokerServiceLookupTest.testLookupConnectionNotCloseIfGetUnloadingExOrMetadataEx%28BrokerServiceLookupTest.java%3A1162%29%0A%09at+java.base%2Fjdk.internal.reflect.NativeMethodAccessorImpl.invoke0%28Native+Method%29%0A%09at+java.base%2Fjdk.internal.reflect.NativeMethodAccessorImpl.invoke%28NativeMethodAccessorImpl.java%3A77%29%0A%09at+java.base%2Fjdk.internal.reflect.DelegatingMethodAccessorImpl.invoke%28DelegatingMethodAccessorImpl.java%3A43%29%0A%09at+java.base%2Fjava.lang.reflect.Method.invoke%28Method.java%3A568%29%0A%09at+org.testng.internal.invokers.MethodInvocationHelper.invokeMethod%28MethodInvocationHelper.java%3A139%29%0A%09at+org.testng.internal.invokers.InvokeMethodRunnable.runOne%28InvokeMethodRunnable.java%3A47%29%0A%09at+org.testng.internal.invokers.InvokeMethodRunnable.call%28InvokeMethodRunnable.java%3A76%29%0A%09at+org.testng.internal.invokers.InvokeMethodRunnable.call%28InvokeMethodRunnable.java%3A11%29%0A%09at+java.base%2Fjava.util.concurrent.FutureTask.run%28FutureTask.java%3A264%29%0A%09at+java.base%2Fjava.util.concurrent.ThreadPoolExecutor.runWorker%28ThreadPoolExecutor.java%3A1136%29%0A%09at+java.base%2Fjava.util.concurrent.ThreadPoolExecutor%24Worker.run%28ThreadPoolExecutor.java%3A635%29%0A%09at+java.base%2Fjava.lang.Thread.run%28Thread.java%3A840%29%0A%0A%60%60%60%0A%0A%0A%23%23%23+Are+you+willing+to+submit+a+PR%3F%0A%0A-+%5B+%5D+I%27m+willing+to+submit+a+PR%21%0A","Create issue")	
ReplicatorGlobalNSTest.testRemoveLocalClusterOnGlobalNamespace	2	=HYPERLINK("https://github.com/lhotari/pulsar-flakes/blob/master/2023-10-27-to-2023-11-06/org.apache.pulsar.broker.service.ReplicatorGlobalNSTest.testRemoveLocalClusterOnGlobalNamespace.md","Report")	=HYPERLINK("https://github.com/apache/pulsar/issues?q=ReplicatorGlobalNSTest%20testRemoveLocalClusterOnGlobalNamespace","Issues")	=HYPERLINK("https://github.com/apache/pulsar/issues/new?labels=flaky-tests&title=Flaky-test%3A+ReplicatorGlobalNSTest.testRemoveLocalClusterOnGlobalNamespace&body=%0A%23%23%23+Search+before+asking%0A%0A-+%5BX%5D+I+searched+in+the+%5Bissues%5D%28https%3A%2F%2Fgithub.com%2Fapache%2Fpulsar%2Fissues%29+and+found+nothing+similar.%0A%0A%23%23%23+Example+failures%0A%0A-+%5B2023-10-30T12%3A02%3A20.4890618Z%5D%28https%3A%2F%2Fgithub.com%2Fapache%2Fpulsar%2Factions%2Fruns%2F6692097300%2Fjob%2F18181072908%23step%3A11%3A1535%29+%0A%0A%0A%23%23%23+Exception+stacktrace%0A%0A%60%60%60%0Ajava.lang.AssertionError%3A+expected+%5Bfalse%5D+but+found+%5Btrue%5D%0A%09at+org.testng.Assert.fail%28Assert.java%3A110%29%0A%09at+org.testng.Assert.failNotEquals%28Assert.java%3A1577%29%0A%09at+org.testng.Assert.assertFalse%28Assert.java%3A78%29%0A%09at+org.testng.Assert.assertFalse%28Assert.java%3A88%29%0A%09at+org.apache.pulsar.broker.service.ReplicatorGlobalNSTest.testRemoveLocalClusterOnGlobalNamespace%28ReplicatorGlobalNSTest.java%3A97%29%0A%09at+java.base%2Fjdk.internal.reflect.NativeMethodAccessorImpl.invoke0%28Native+Method%29%0A%09at+java.base%2Fjdk.internal.reflect.NativeMethodAccessorImpl.invoke%28NativeMethodAccessorImpl.java%3A77%29%0A%09at+java.base%2Fjdk.internal.reflect.DelegatingMethodAccessorImpl.invoke%28DelegatingMethodAccessorImpl.java%3A43%29%0A%09at+java.base%2Fjava.lang.reflect.Method.invoke%28Method.java%3A568%29%0A%09at+org.testng.internal.invokers.MethodInvocationHelper.invokeMethod%28MethodInvocationHelper.java%3A139%29%0A%09at+org.testng.internal.invokers.InvokeMethodRunnable.runOne%28InvokeMethodRunnable.java%3A47%29%0A%09at+org.testng.internal.invokers.InvokeMethodRunnable.call%28InvokeMethodRunnable.java%3A76%29%0A%09at+org.testng.internal.invokers.InvokeMethodRunnable.call%28InvokeMethodRunnable.java%3A11%29%0A%09at+java.base%2Fjava.util.concurrent.FutureTask.run%28FutureTask.java%3A264%29%0A%09at+java.base%2Fjava.util.concurrent.ThreadPoolExecutor.runWorker%28ThreadPoolExecutor.java%3A1136%29%0A%09at+java.base%2Fjava.util.concurrent.ThreadPoolExecutor%24Worker.run%28ThreadPoolExecutor.java%3A635%29%0A%09at+java.base%2Fjava.lang.Thread.run%28Thread.java%3A833%29%0A%0A%60%60%60%0A%0A%0A%23%23%23+Are+you+willing+to+submit+a+PR%3F%0A%0A-+%5B+%5D+I%27m+willing+to+submit+a+PR%21%0A","Create issue")	
LeaderElectionTest.revalidateLeaderWithinSameSession	2	=HYPERLINK("https://github.com/lhotari/pulsar-flakes/blob/master/2023-10-27-to-2023-11-06/org.apache.pulsar.metadata.LeaderElectionTest.revalidateLeaderWithinSameSession.md","Report")	=HYPERLINK("https://github.com/apache/pulsar/issues?q=LeaderElectionTest%20revalidateLeaderWithinSameSession","Issues")	=HYPERLINK("https://github.com/apache/pulsar/issues/new?labels=flaky-tests&title=Flaky-test%3A+LeaderElectionTest.revalidateLeaderWithinSameSession&body=%0A%23%23%23+Search+before+asking%0A%0A-+%5BX%5D+I+searched+in+the+%5Bissues%5D%28https%3A%2F%2Fgithub.com%2Fapache%2Fpulsar%2Fissues%29+and+found+nothing+similar.%0A%0A%23%23%23+Example+failures%0A%0A-+%5B2023-11-01T22%3A34%3A20.4026218Z%5D%28https%3A%2F%2Fgithub.com%2Fapache%2Fpulsar%2Factions%2Fruns%2F6725651280%2Fjob%2F18280799117%23step%3A11%3A1934%29+%0A-+%5B2023-10-31T18%3A55%3A24.5179215Z%5D%28https%3A%2F%2Fgithub.com%2Fapache%2Fpulsar%2Factions%2Fruns%2F6710630191%2Fjob%2F18237677637%23step%3A11%3A1899%29+%0A%0A%0A%23%23%23+Exception+stacktrace%0A%0A%60%60%60%0Ajava.lang.AssertionError%3A+expected+%5BOptional%5Btest-2%5D%5D+but+found+%5BOptional.empty%5D%0A%09at+org.testng.Assert.fail%28Assert.java%3A110%29%0A%09at+org.testng.Assert.failNotEquals%28Assert.java%3A1577%29%0A%09at+org.testng.Assert.assertEqualsImpl%28Assert.java%3A149%29%0A%09at+org.testng.Assert.assertEquals%28Assert.java%3A131%29%0A%09at+org.testng.Assert.assertEquals%28Assert.java%3A643%29%0A%09at+org.apache.pulsar.metadata.BaseMetadataStoreTest.lambda%24assertEqualsAndRetry%246%28BaseMetadataStoreTest.java%3A133%29%0A%09at+org.apache.pulsar.metadata.BaseMetadataStoreTest.retryStrategically%28BaseMetadataStoreTest.java%3A141%29%0A%09at+org.apache.pulsar.metadata.BaseMetadataStoreTest.assertEqualsAndRetry%28BaseMetadataStoreTest.java%3A129%29%0A%09at+org.apache.pulsar.metadata.BaseMetadataStoreTest.assertEqualsAndRetry%28BaseMetadataStoreTest.java%3A121%29%0A%09at+org.apache.pulsar.metadata.LeaderElectionTest.revalidateLeaderWithinSameSession%28LeaderElectionTest.java%3A212%29%0A%09at+java.base%2Fjdk.internal.reflect.NativeMethodAccessorImpl.invoke0%28Native+Method%29%0A%09at+java.base%2Fjdk.internal.reflect.NativeMethodAccessorImpl.invoke%28NativeMethodAccessorImpl.java%3A77%29%0A%09at+java.base%2Fjdk.internal.reflect.DelegatingMethodAccessorImpl.invoke%28DelegatingMethodAccessorImpl.java%3A43%29%0A%09at+java.base%2Fjava.lang.reflect.Method.invoke%28Method.java%3A568%29%0A%09at+org.testng.internal.invokers.MethodInvocationHelper.invokeMethod%28MethodInvocationHelper.java%3A139%29%0A%09at+org.testng.internal.invokers.InvokeMethodRunnable.runOne%28InvokeMethodRunnable.java%3A47%29%0A%09at+org.testng.internal.invokers.InvokeMethodRunnable.call%28InvokeMethodRunnable.java%3A76%29%0A%09at+org.testng.internal.invokers.InvokeMethodRunnable.call%28InvokeMethodRunnable.java%3A11%29%0A%09at+java.base%2Fjava.util.concurrent.FutureTask.run%28FutureTask.java%3A264%29%0A%09at+java.base%2Fjava.util.concurrent.ThreadPoolExecutor.runWorker%28ThreadPoolExecutor.java%3A1136%29%0A%09at+java.base%2Fjava.util.concurrent.ThreadPoolExecutor%24Worker.run%28ThreadPoolExecutor.java%3A635%29%0A%09at+java.base%2Fjava.lang.Thread.run%28Thread.java%3A833%29%0A%0A%60%60%60%0A%0A%0A%23%23%23+Are+you+willing+to+submit+a+PR%3F%0A%0A-+%5B+%5D+I%27m+willing+to+submit+a+PR%21%0A","Create issue")	
NonPersistentTopicTest.testMsgDropStat	2	=HYPERLINK("https://github.com/lhotari/pulsar-flakes/blob/master/2023-10-27-to-2023-11-06/org.apache.pulsar.client.api.NonPersistentTopicTest.testMsgDropStat.md","Report")	=HYPERLINK("https://github.com/apache/pulsar/issues?q=NonPersistentTopicTest%20testMsgDropStat","Issues")	=HYPERLINK("https://github.com/apache/pulsar/issues/new?labels=flaky-tests&title=Flaky-test%3A+NonPersistentTopicTest.testMsgDropStat&body=%0A%23%23%23+Search+before+asking%0A%0A-+%5BX%5D+I+searched+in+the+%5Bissues%5D%28https%3A%2F%2Fgithub.com%2Fapache%2Fpulsar%2Fissues%29+and+found+nothing+similar.%0A%0A%23%23%23+Example+failures%0A%0A-+%5B2023-10-30T06%3A39%3A25.6121338Z%5D%28https%3A%2F%2Fgithub.com%2Fapache%2Fpulsar%2Factions%2Fruns%2F6684611776%2Fjob%2F18172336175%23step%3A10%3A635%29+%0A%0A%0A%23%23%23+Exception+stacktrace%0A%0A%60%60%60%0Aorg.awaitility.core.ConditionTimeoutException%3A+Assertion+condition+defined+as+a+org.apache.pulsar.client.api.NonPersistentTopicTest+expected+%5Btrue%5D+but+found+%5Bfalse%5D+within+10+seconds.%0A%09at+org.awaitility.core.ConditionAwaiter.await%28ConditionAwaiter.java%3A167%29%0A%09at+org.awaitility.core.AssertionCondition.await%28AssertionCondition.java%3A119%29%0A%09at+org.awaitility.core.AssertionCondition.await%28AssertionCondition.java%3A31%29%0A%09at+org.awaitility.core.ConditionFactory.until%28ConditionFactory.java%3A985%29%0A%09at+org.awaitility.core.ConditionFactory.untilAsserted%28ConditionFactory.java%3A769%29%0A%09at+org.apache.pulsar.client.api.NonPersistentTopicTest.testMsgDropStat%28NonPersistentTopicTest.java%3A873%29%0A%09at+java.base%2Fjdk.internal.reflect.NativeMethodAccessorImpl.invoke0%28Native+Method%29%0A%09at+java.base%2Fjdk.internal.reflect.NativeMethodAccessorImpl.invoke%28NativeMethodAccessorImpl.java%3A77%29%0A%09at+java.base%2Fjdk.internal.reflect.DelegatingMethodAccessorImpl.invoke%28DelegatingMethodAccessorImpl.java%3A43%29%0A%09at+java.base%2Fjava.lang.reflect.Method.invoke%28Method.java%3A568%29%0A%09at+org.testng.internal.invokers.MethodInvocationHelper.invokeMethod%28MethodInvocationHelper.java%3A139%29%0A%09at+org.testng.internal.invokers.InvokeMethodRunnable.runOne%28InvokeMethodRunnable.java%3A47%29%0A%09at+org.testng.internal.invokers.InvokeMethodRunnable.call%28InvokeMethodRunnable.java%3A76%29%0A%09at+org.testng.internal.invokers.InvokeMethodRunnable.call%28InvokeMethodRunnable.java%3A11%29%0A%09at+java.base%2Fjava.util.concurrent.FutureTask.run%28FutureTask.java%3A264%29%0A%09at+java.base%2Fjava.util.concurrent.ThreadPoolExecutor.runWorker%28ThreadPoolExecutor.java%3A1136%29%0A%09at+java.base%2Fjava.util.concurrent.ThreadPoolExecutor%24Worker.run%28ThreadPoolExecutor.java%3A635%29%0A%09at+java.base%2Fjava.lang.Thread.run%28Thread.java%3A833%29%0ACaused+by%3A+java.lang.AssertionError%3A+expected+%5Btrue%5D+but+found+%5Bfalse%5D%0A%09at+org.testng.Assert.fail%28Assert.java%3A110%29%0A%09at+org.testng.Assert.failNotEquals%28Assert.java%3A1577%29%0A%09at+org.testng.Assert.assertTrue%28Assert.java%3A56%29%0A%09at+org.testng.Assert.assertTrue%28Assert.java%3A66%29%0A%09at+org.apache.pulsar.client.api.NonPersistentTopicTest.lambda%24testMsgDropStat%244%28NonPersistentTopicTest.java%3A879%29%0A%09at+org.awaitility.core.AssertionCondition.lambda%24new%240%28AssertionCondition.java%3A53%29%0A%09at+org.awaitility.core.ConditionAwaiter%24ConditionPoller.call%28ConditionAwaiter.java%3A248%29%0A%09at+org.awaitility.core.ConditionAwaiter%24ConditionPoller.call%28ConditionAwaiter.java%3A235%29%0A%09...+4+more%0A%0A%60%60%60%0A%0A%0A%23%23%23+Are+you+willing+to+submit+a+PR%3F%0A%0A-+%5B+%5D+I%27m+willing+to+submit+a+PR%21%0A","Create issue")	
ZKSessionTest.testReacquireLeadershipAfterSessionLost	2	=HYPERLINK("https://github.com/lhotari/pulsar-flakes/blob/master/2023-10-27-to-2023-11-06/org.apache.pulsar.metadata.ZKSessionTest.testReacquireLeadershipAfterSessionLost.md","Report")	=HYPERLINK("https://github.com/apache/pulsar/issues?q=ZKSessionTest%20testReacquireLeadershipAfterSessionLost","Issues")	=HYPERLINK("https://github.com/apache/pulsar/issues/new?labels=flaky-tests&title=Flaky-test%3A+ZKSessionTest.testReacquireLeadershipAfterSessionLost&body=%0A%23%23%23+Search+before+asking%0A%0A-+%5BX%5D+I+searched+in+the+%5Bissues%5D%28https%3A%2F%2Fgithub.com%2Fapache%2Fpulsar%2Fissues%29+and+found+nothing+similar.%0A%0A%23%23%23+Example+failures%0A%0A-+%5B2023-11-01T16%3A28%3A13.4988707Z%5D%28https%3A%2F%2Fgithub.com%2Fapache%2Fpulsar%2Factions%2Fruns%2F6722104352%2Fjob%2F18269625331%23step%3A11%3A1879%29+%0A-+%5B2023-10-29T09%3A21%3A00.2103841Z%5D%28https%3A%2F%2Fgithub.com%2Fapache%2Fpulsar%2Factions%2Fruns%2F6682361718%2Fjob%2F18157652403%23step%3A10%3A1917%29+%0A%0A%0A%23%23%23+Exception+stacktrace%0A%0A%60%60%60%0Ajava.util.concurrent.CompletionException%3A+org.apache.pulsar.metadata.api.MetadataStoreException%3A+org.apache.zookeeper.KeeperException%24SessionExpiredException%3A+KeeperErrorCode+%3D+Session+expired%0A%09at+java.base%2Fjava.util.concurrent.CompletableFuture.encodeThrowable%28CompletableFuture.java%3A332%29%0A%09at+java.base%2Fjava.util.concurrent.CompletableFuture.completeThrowable%28CompletableFuture.java%3A347%29%0A%09at+java.base%2Fjava.util.concurrent.CompletableFuture%24UniRun.tryFire%28CompletableFuture.java%3A781%29%0A%09at+java.base%2Fjava.util.concurrent.CompletableFuture.postComplete%28CompletableFuture.java%3A510%29%0A%09at+java.base%2Fjava.util.concurrent.CompletableFuture.completeExceptionally%28CompletableFuture.java%3A2162%29%0A%09at+org.apache.pulsar.metadata.impl.ZKMetadataStore.lambda%24batchOperation%244%28ZKMetadataStore.java%3A201%29%0A%09at+java.base%2Fjava.util.ArrayList.forEach%28ArrayList.java%3A1511%29%0A%09at+org.apache.pulsar.metadata.impl.ZKMetadataStore.lambda%24batchOperation%247%28ZKMetadataStore.java%3A201%29%0A%09at+org.apache.pulsar.metadata.impl.PulsarZooKeeperClient%243%241.processResult%28PulsarZooKeeperClient.java%3A489%29%0A%09at+org.apache.zookeeper.ClientCnxn%24EventThread.processEvent%28ClientCnxn.java%3A714%29%0A%09at+org.apache.zookeeper.ClientCnxn%24EventThread.run%28ClientCnxn.java%3A553%29%0ACaused+by%3A+org.apache.pulsar.metadata.api.MetadataStoreException%3A+org.apache.zookeeper.KeeperException%24SessionExpiredException%3A+KeeperErrorCode+%3D+Session+expired%0A%09at+org.apache.pulsar.metadata.impl.ZKMetadataStore.getException%28ZKMetadataStore.java%3A476%29%0A%09at+org.apache.pulsar.metadata.impl.ZKMetadataStore.lambda%24batchOperation%247%28ZKMetadataStore.java%3A200%29%0A%09...+3+more%0ACaused+by%3A+org.apache.zookeeper.KeeperException%24SessionExpiredException%3A+KeeperErrorCode+%3D+Session+expired%0A%09at+org.apache.zookeeper.KeeperException.create%28KeeperException.java%3A134%29%0A%09at+org.apache.zookeeper.KeeperException.create%28KeeperException.java%3A54%29%0A%09at+org.apache.pulsar.metadata.impl.ZKMetadataStore.getException%28ZKMetadataStore.java%3A466%29%0A%09...+4+more%0A%0A%60%60%60%0A%0A%0A%23%23%23+Are+you+willing+to+submit+a+PR%3F%0A%0A-+%5B+%5D+I%27m+willing+to+submit+a+PR%21%0A","Create issue")	
ProducerConsumerInternalTest.testExclusiveConsumerWillAlwaysRetryEvenIfReceivedConsumerBusyError	2	=HYPERLINK("https://github.com/lhotari/pulsar-flakes/blob/master/2023-10-27-to-2023-11-06/org.apache.pulsar.client.impl.ProducerConsumerInternalTest.testExclusiveConsumerWillAlwaysRetryEvenIfReceivedConsumerBusyError.md","Report")	=HYPERLINK("https://github.com/apache/pulsar/issues?q=ProducerConsumerInternalTest%20testExclusiveConsumerWillAlwaysRetryEvenIfReceivedConsumerBusyError","Issues")	=HYPERLINK("https://github.com/apache/pulsar/issues/new?labels=flaky-tests&title=Flaky-test%3A+ProducerConsumerInternalTest.testExclusiveConsumerWillAlwaysRetryEvenIfReceivedConsumerBusyError&body=%0A%23%23%23+Search+before+asking%0A%0A-+%5BX%5D+I+searched+in+the+%5Bissues%5D%28https%3A%2F%2Fgithub.com%2Fapache%2Fpulsar%2Fissues%29+and+found+nothing+similar.%0A%0A%23%23%23+Example+failures%0A%0A-+%5B2023-11-01T23%3A47%3A34.3601084Z%5D%28https%3A%2F%2Fgithub.com%2Fapache%2Fpulsar%2Factions%2Fruns%2F6726225527%2Fjob%2F18282371976%23step%3A10%3A1551%29+%0A-+%5B2023-10-30T14%3A02%3A56.8701471Z%5D%28https%3A%2F%2Fgithub.com%2Fapache%2Fpulsar%2Factions%2Fruns%2F6693353223%2Fjob%2F18185623275%23step%3A10%3A1551%29+%0A%0A%0A%23%23%23+Exception+stacktrace%0A%0A%60%60%60%0Aorg.awaitility.core.ConditionTimeoutException%3A+Assertion+condition+defined+as+a+org.apache.pulsar.client.impl.ProducerConsumerInternalTest+expected+%5BReady%5D+but+found+%5BConnecting%5D+within+10+seconds.%0A%09at+org.awaitility.core.ConditionAwaiter.await%28ConditionAwaiter.java%3A167%29%0A%09at+org.awaitility.core.AssertionCondition.await%28AssertionCondition.java%3A119%29%0A%09at+org.awaitility.core.AssertionCondition.await%28AssertionCondition.java%3A31%29%0A%09at+org.awaitility.core.ConditionFactory.until%28ConditionFactory.java%3A985%29%0A%09at+org.awaitility.core.ConditionFactory.untilAsserted%28ConditionFactory.java%3A769%29%0A%09at+org.apache.pulsar.client.impl.ProducerConsumerInternalTest.testExclusiveConsumerWillAlwaysRetryEvenIfReceivedConsumerBusyError%28ProducerConsumerInternalTest.java%3A139%29%0A%09at+java.base%2Fjdk.internal.reflect.NativeMethodAccessorImpl.invoke0%28Native+Method%29%0A%09at+java.base%2Fjdk.internal.reflect.NativeMethodAccessorImpl.invoke%28NativeMethodAccessorImpl.java%3A77%29%0A%09at+java.base%2Fjdk.internal.reflect.DelegatingMethodAccessorImpl.invoke%28DelegatingMethodAccessorImpl.java%3A43%29%0A%09at+java.base%2Fjava.lang.reflect.Method.invoke%28Method.java%3A568%29%0A%09at+org.testng.internal.invokers.MethodInvocationHelper.invokeMethod%28MethodInvocationHelper.java%3A139%29%0A%09at+org.testng.internal.invokers.InvokeMethodRunnable.runOne%28InvokeMethodRunnable.java%3A47%29%0A%09at+org.testng.internal.invokers.InvokeMethodRunnable.call%28InvokeMethodRunnable.java%3A76%29%0A%09at+org.testng.internal.invokers.InvokeMethodRunnable.call%28InvokeMethodRunnable.java%3A11%29%0A%09at+java.base%2Fjava.util.concurrent.FutureTask.run%28FutureTask.java%3A264%29%0A%09at+java.base%2Fjava.util.concurrent.ThreadPoolExecutor.runWorker%28ThreadPoolExecutor.java%3A1136%29%0A%09at+java.base%2Fjava.util.concurrent.ThreadPoolExecutor%24Worker.run%28ThreadPoolExecutor.java%3A635%29%0A%09at+java.base%2Fjava.lang.Thread.run%28Thread.java%3A833%29%0ACaused+by%3A+java.lang.AssertionError%3A+expected+%5BReady%5D+but+found+%5BConnecting%5D%0A%09at+org.testng.Assert.fail%28Assert.java%3A110%29%0A%09at+org.testng.Assert.failNotEquals%28Assert.java%3A1577%29%0A%09at+org.testng.Assert.assertEqualsImpl%28Assert.java%3A149%29%0A%09at+org.testng.Assert.assertEquals%28Assert.java%3A131%29%0A%09at+org.testng.Assert.assertEquals%28Assert.java%3A643%29%0A%09at+org.apache.pulsar.client.impl.ProducerConsumerInternalTest.lambda%24testExclusiveConsumerWillAlwaysRetryEvenIfReceivedConsumerBusyError%244%28ProducerConsumerInternalTest.java%3A140%29%0A%09at+org.awaitility.core.AssertionCondition.lambda%24new%240%28AssertionCondition.java%3A53%29%0A%09at+org.awaitility.core.ConditionAwaiter%24ConditionPoller.call%28ConditionAwaiter.java%3A248%29%0A%09at+org.awaitility.core.ConditionAwaiter%24ConditionPoller.call%28ConditionAwaiter.java%3A235%29%0A%09...+4+more%0A%0A%60%60%60%0A%0A%0A%23%23%23+Are+you+willing+to+submit+a+PR%3F%0A%0A-+%5B+%5D+I%27m+willing+to+submit+a+PR%21%0A","Create issue")	
StrategicCompactionTest.testCompactionDuplicate	2	=HYPERLINK("https://github.com/lhotari/pulsar-flakes/blob/master/2023-10-27-to-2023-11-06/org.apache.pulsar.compaction.StrategicCompactionTest.testCompactionDuplicate.md","Report")	=HYPERLINK("https://github.com/apache/pulsar/issues?q=StrategicCompactionTest%20testCompactionDuplicate","Issues")	=HYPERLINK("https://github.com/apache/pulsar/issues/new?labels=flaky-tests&title=Flaky-test%3A+StrategicCompactionTest.testCompactionDuplicate&body=%0A%23%23%23+Search+before+asking%0A%0A-+%5BX%5D+I+searched+in+the+%5Bissues%5D%28https%3A%2F%2Fgithub.com%2Fapache%2Fpulsar%2Fissues%29+and+found+nothing+similar.%0A%0A%23%23%23+Example+failures%0A%0A-+%5B2023-10-30T13%3A50%3A59.0671658Z%5D%28https%3A%2F%2Fgithub.com%2Fapache%2Fpulsar%2Factions%2Fruns%2F6692097300%2Fjob%2F18185345590%23step%3A11%3A687%29+%0A%0A%0A%23%23%23+Exception+stacktrace%0A%0A%60%60%60%0Aorg.awaitility.core.ConditionTimeoutException%3A+Assertion+condition+defined+as+a+org.apache.pulsar.compaction.CompactionTest+expected+%5B568%5D+but+found+%5B-1%5D+within+10+seconds.%0A%09at+org.awaitility.core.ConditionAwaiter.await%28ConditionAwaiter.java%3A167%29%0A%09at+org.awaitility.core.AssertionCondition.await%28AssertionCondition.java%3A119%29%0A%09at+org.awaitility.core.AssertionCondition.await%28AssertionCondition.java%3A31%29%0A%09at+org.awaitility.core.ConditionFactory.until%28ConditionFactory.java%3A985%29%0A%09at+org.awaitility.core.ConditionFactory.untilAsserted%28ConditionFactory.java%3A769%29%0A%09at+org.apache.pulsar.compaction.CompactionTest.testCompactionDuplicate%28CompactionTest.java%3A1967%29%0A%09at+java.base%2Fjdk.internal.reflect.NativeMethodAccessorImpl.invoke0%28Native+Method%29%0A%09at+java.base%2Fjdk.internal.reflect.NativeMethodAccessorImpl.invoke%28NativeMethodAccessorImpl.java%3A77%29%0A%09at+java.base%2Fjdk.internal.reflect.DelegatingMethodAccessorImpl.invoke%28DelegatingMethodAccessorImpl.java%3A43%29%0A%09at+java.base%2Fjava.lang.reflect.Method.invoke%28Method.java%3A568%29%0A%09at+org.testng.internal.invokers.MethodInvocationHelper.invokeMethod%28MethodInvocationHelper.java%3A139%29%0A%09at+org.testng.internal.invokers.InvokeMethodRunnable.runOne%28InvokeMethodRunnable.java%3A47%29%0A%09at+org.testng.internal.invokers.InvokeMethodRunnable.call%28InvokeMethodRunnable.java%3A76%29%0A%09at+org.testng.internal.invokers.InvokeMethodRunnable.call%28InvokeMethodRunnable.java%3A11%29%0A%09at+java.base%2Fjava.util.concurrent.FutureTask.run%28FutureTask.java%3A264%29%0A%09at+java.base%2Fjava.util.concurrent.ThreadPoolExecutor.runWorker%28ThreadPoolExecutor.java%3A1136%29%0A%09at+java.base%2Fjava.util.concurrent.ThreadPoolExecutor%24Worker.run%28ThreadPoolExecutor.java%3A635%29%0A%09at+java.base%2Fjava.lang.Thread.run%28Thread.java%3A833%29%0ACaused+by%3A+java.lang.AssertionError%3A+expected+%5B568%5D+but+found+%5B-1%5D%0A%09at+org.testng.Assert.fail%28Assert.java%3A110%29%0A%09at+org.testng.Assert.failNotEquals%28Assert.java%3A1577%29%0A%09at+org.testng.Assert.assertEqualsImpl%28Assert.java%3A149%29%0A%09at+org.testng.Assert.assertEquals%28Assert.java%3A131%29%0A%09at+org.testng.Assert.assertEquals%28Assert.java%3A979%29%0A%09at+org.testng.Assert.assertEquals%28Assert.java%3A955%29%0A%09at+org.testng.Assert.assertEquals%28Assert.java%3A989%29%0A%09at+org.apache.pulsar.compaction.CompactionTest.lambda%24testCompactionDuplicate%248%28CompactionTest.java%3A1970%29%0A%09at+org.awaitility.core.AssertionCondition.lambda%24new%240%28AssertionCondition.java%3A53%29%0A%09at+org.awaitility.core.ConditionAwaiter%24ConditionPoller.call%28ConditionAwaiter.java%3A248%29%0A%09at+org.awaitility.core.ConditionAwaiter%24ConditionPoller.call%28ConditionAwaiter.java%3A235%29%0A%09...+4+more%0A%0A%60%60%60%0A%0A%0A%23%23%23+Are+you+willing+to+submit+a+PR%3F%0A%0A-+%5B+%5D+I%27m+willing+to+submit+a+PR%21%0A","Create issue")	
RGUsageMTAggrWaitForAllMsgsTest.testMTProduceConsumeRGUsageNonPersistentTopicNamesDifferentTenant	1	=HYPERLINK("https://github.com/lhotari/pulsar-flakes/blob/master/2023-10-27-to-2023-11-06/org.apache.pulsar.broker.resourcegroup.RGUsageMTAggrWaitForAllMsgsTest.testMTProduceConsumeRGUsageNonPersistentTopicNamesDifferentTenant.md","Report")	=HYPERLINK("https://github.com/apache/pulsar/issues?q=RGUsageMTAggrWaitForAllMsgsTest%20testMTProduceConsumeRGUsageNonPersistentTopicNamesDifferentTenant","Issues")	=HYPERLINK("https://github.com/apache/pulsar/issues/new?labels=flaky-tests&title=Flaky-test%3A+RGUsageMTAggrWaitForAllMsgsTest.testMTProduceConsumeRGUsageNonPersistentTopicNamesDifferentTenant&body=%0A%23%23%23+Search+before+asking%0A%0A-+%5BX%5D+I+searched+in+the+%5Bissues%5D%28https%3A%2F%2Fgithub.com%2Fapache%2Fpulsar%2Fissues%29+and+found+nothing+similar.%0A%0A%23%23%23+Example+failures%0A%0A-+%5B2023-11-01T16%3A26%3A50.8056751Z%5D%28https%3A%2F%2Fgithub.com%2Fapache%2Fpulsar%2Factions%2Fruns%2F6722104352%2Fjob%2F18269626598%23step%3A11%3A868%29+%0A%0A%0A%23%23%23+Exception+stacktrace%0A%0A%60%60%60%0Ajava.lang.AssertionError%3A+expected+%5B400%5D+but+found+%5B0%5D%0A%09at+org.testng.Assert.fail%28Assert.java%3A110%29%0A%09at+org.testng.Assert.failNotEquals%28Assert.java%3A1577%29%0A%09at+org.testng.Assert.assertEqualsImpl%28Assert.java%3A149%29%0A%09at+org.testng.Assert.assertEquals%28Assert.java%3A131%29%0A%09at+org.testng.Assert.assertEquals%28Assert.java%3A1418%29%0A%09at+org.testng.Assert.assertEquals%28Assert.java%3A1382%29%0A%09at+org.testng.Assert.assertEquals%28Assert.java%3A1428%29%0A%09at+org.apache.pulsar.broker.resourcegroup.RGUsageMTAggrWaitForAllMsgsTest.testProduceConsumeUsageOnRG%28RGUsageMTAggrWaitForAllMsgsTest.java%3A463%29%0A%09at+org.apache.pulsar.broker.resourcegroup.RGUsageMTAggrWaitForAllMsgsTest.testMTProduceConsumeRGUsageNonPersistentTopicNamesDifferentTenant%28RGUsageMTAggrWaitForAllMsgsTest.java%3A113%29%0A%09at+java.base%2Fjdk.internal.reflect.NativeMethodAccessorImpl.invoke0%28Native+Method%29%0A%09at+java.base%2Fjdk.internal.reflect.NativeMethodAccessorImpl.invoke%28NativeMethodAccessorImpl.java%3A77%29%0A%09at+java.base%2Fjdk.internal.reflect.DelegatingMethodAccessorImpl.invoke%28DelegatingMethodAccessorImpl.java%3A43%29%0A%09at+java.base%2Fjava.lang.reflect.Method.invoke%28Method.java%3A568%29%0A%09at+org.testng.internal.invokers.MethodInvocationHelper.invokeMethod%28MethodInvocationHelper.java%3A139%29%0A%09at+org.testng.internal.invokers.InvokeMethodRunnable.runOne%28InvokeMethodRunnable.java%3A47%29%0A%09at+org.testng.internal.invokers.InvokeMethodRunnable.call%28InvokeMethodRunnable.java%3A76%29%0A%09at+org.testng.internal.invokers.InvokeMethodRunnable.call%28InvokeMethodRunnable.java%3A11%29%0A%09at+java.base%2Fjava.util.concurrent.FutureTask.run%28FutureTask.java%3A264%29%0A%09at+java.base%2Fjava.util.concurrent.ThreadPoolExecutor.runWorker%28ThreadPoolExecutor.java%3A1136%29%0A%09at+java.base%2Fjava.util.concurrent.ThreadPoolExecutor%24Worker.run%28ThreadPoolExecutor.java%3A635%29%0A%09at+java.base%2Fjava.lang.Thread.run%28Thread.java%3A833%29%0A%0A%60%60%60%0A%0A%0A%23%23%23+Are+you+willing+to+submit+a+PR%3F%0A%0A-+%5B+%5D+I%27m+willing+to+submit+a+PR%21%0A","Create issue")	
AdminApiMaxUnackedMessagesTest.testMaxUnackedMessagesPerConsumerPriority	1	=HYPERLINK("https://github.com/lhotari/pulsar-flakes/blob/master/2023-10-27-to-2023-11-06/org.apache.pulsar.broker.admin.AdminApiMaxUnackedMessagesTest.testMaxUnackedMessagesPerConsumerPriority.md","Report")	=HYPERLINK("https://github.com/apache/pulsar/issues?q=AdminApiMaxUnackedMessagesTest%20testMaxUnackedMessagesPerConsumerPriority","Issues")	=HYPERLINK("https://github.com/apache/pulsar/issues/new?labels=flaky-tests&title=Flaky-test%3A+AdminApiMaxUnackedMessagesTest.testMaxUnackedMessagesPerConsumerPriority&body=%0A%23%23%23+Search+before+asking%0A%0A-+%5BX%5D+I+searched+in+the+%5Bissues%5D%28https%3A%2F%2Fgithub.com%2Fapache%2Fpulsar%2Fissues%29+and+found+nothing+similar.%0A%0A%23%23%23+Example+failures%0A%0A-+%5B2023-11-03T09%3A07%3A36.2783113Z%5D%28https%3A%2F%2Fgithub.com%2Fapache%2Fpulsar%2Factions%2Fruns%2F6742967060%2Fjob%2F18330222174%23step%3A10%3A1092%29+%0A%0A%0A%23%23%23+Exception+stacktrace%0A%0A%60%60%60%0Ajava.lang.AssertionError%3A+expected+%5B3%5D+but+found+%5B1%5D%0A%09at+org.testng.Assert.fail%28Assert.java%3A110%29%0A%09at+org.testng.Assert.failNotEquals%28Assert.java%3A1577%29%0A%09at+org.testng.Assert.assertEqualsImpl%28Assert.java%3A149%29%0A%09at+org.testng.Assert.assertEquals%28Assert.java%3A131%29%0A%09at+org.testng.Assert.assertEquals%28Assert.java%3A1418%29%0A%09at+org.testng.Assert.assertEquals%28Assert.java%3A1382%29%0A%09at+org.testng.Assert.assertEquals%28Assert.java%3A1428%29%0A%09at+org.apache.pulsar.broker.admin.AdminApiMaxUnackedMessagesTest.testMaxUnackedMessagesPerConsumerPriority%28AdminApiMaxUnackedMessagesTest.java%3A192%29%0A%09at+java.base%2Fjdk.internal.reflect.NativeMethodAccessorImpl.invoke0%28Native+Method%29%0A%09at+java.base%2Fjdk.internal.reflect.NativeMethodAccessorImpl.invoke%28NativeMethodAccessorImpl.java%3A77%29%0A%09at+java.base%2Fjdk.internal.reflect.DelegatingMethodAccessorImpl.invoke%28DelegatingMethodAccessorImpl.java%3A43%29%0A%09at+java.base%2Fjava.lang.reflect.Method.invoke%28Method.java%3A568%29%0A%09at+org.testng.internal.invokers.MethodInvocationHelper.invokeMethod%28MethodInvocationHelper.java%3A139%29%0A%09at+org.testng.internal.invokers.InvokeMethodRunnable.runOne%28InvokeMethodRunnable.java%3A47%29%0A%09at+org.testng.internal.invokers.InvokeMethodRunnable.call%28InvokeMethodRunnable.java%3A76%29%0A%09at+org.testng.internal.invokers.InvokeMethodRunnable.call%28InvokeMethodRunnable.java%3A11%29%0A%09at+java.base%2Fjava.util.concurrent.FutureTask.run%28FutureTask.java%3A264%29%0A%09at+java.base%2Fjava.util.concurrent.ThreadPoolExecutor.runWorker%28ThreadPoolExecutor.java%3A1136%29%0A%09at+java.base%2Fjava.util.concurrent.ThreadPoolExecutor%24Worker.run%28ThreadPoolExecutor.java%3A635%29%0A%09at+java.base%2Fjava.lang.Thread.run%28Thread.java%3A840%29%0A%0A%60%60%60%0A%0A%0A%23%23%23+Are+you+willing+to+submit+a+PR%3F%0A%0A-+%5B+%5D+I%27m+willing+to+submit+a+PR%21%0A","Create issue")	
AuditorBookieTest.testBookieClusterRestart	1	=HYPERLINK("https://github.com/lhotari/pulsar-flakes/blob/master/2023-10-27-to-2023-11-06/org.apache.bookkeeper.replication.AuditorBookieTest.testBookieClusterRestart.md","Report")	=HYPERLINK("https://github.com/apache/pulsar/issues?q=AuditorBookieTest%20testBookieClusterRestart","Issues")	=HYPERLINK("https://github.com/apache/pulsar/issues/new?labels=flaky-tests&title=Flaky-test%3A+AuditorBookieTest.testBookieClusterRestart&body=%0A%23%23%23+Search+before+asking%0A%0A-+%5BX%5D+I+searched+in+the+%5Bissues%5D%28https%3A%2F%2Fgithub.com%2Fapache%2Fpulsar%2Fissues%29+and+found+nothing+similar.%0A%0A%23%23%23+Example+failures%0A%0A-+%5B2023-10-30T05%3A41%3A48.0734292Z%5D%28https%3A%2F%2Fgithub.com%2Fapache%2Fpulsar%2Factions%2Fruns%2F6688685076%2Fjob%2F18171345580%23step%3A10%3A1851%29+%0A%0A%0A%23%23%23+Exception+stacktrace%0A%0A%60%60%60%0Ajava.lang.AssertionError%3A+Auditor+elector+is+not+running%21%0A%09at+org.testng.AssertJUnit.fail%28AssertJUnit.java%3A65%29%0A%09at+org.testng.AssertJUnit.assertTrue%28AssertJUnit.java%3A23%29%0A%09at+org.apache.bookkeeper.replication.AuditorBookieTest.testBookieClusterRestart%28AuditorBookieTest.java%3A138%29%0A%09at+java.base%2Fjdk.internal.reflect.NativeMethodAccessorImpl.invoke0%28Native+Method%29%0A%09at+java.base%2Fjdk.internal.reflect.NativeMethodAccessorImpl.invoke%28NativeMethodAccessorImpl.java%3A77%29%0A%09at+java.base%2Fjdk.internal.reflect.DelegatingMethodAccessorImpl.invoke%28DelegatingMethodAccessorImpl.java%3A43%29%0A%09at+java.base%2Fjava.lang.reflect.Method.invoke%28Method.java%3A568%29%0A%09at+org.testng.internal.invokers.MethodInvocationHelper.invokeMethod%28MethodInvocationHelper.java%3A139%29%0A%09at+org.testng.internal.invokers.InvokeMethodRunnable.runOne%28InvokeMethodRunnable.java%3A47%29%0A%09at+org.testng.internal.invokers.InvokeMethodRunnable.call%28InvokeMethodRunnable.java%3A76%29%0A%09at+org.testng.internal.invokers.InvokeMethodRunnable.call%28InvokeMethodRunnable.java%3A11%29%0A%09at+java.base%2Fjava.util.concurrent.FutureTask.run%28FutureTask.java%3A264%29%0A%09at+java.base%2Fjava.util.concurrent.ThreadPoolExecutor.runWorker%28ThreadPoolExecutor.java%3A1136%29%0A%09at+java.base%2Fjava.util.concurrent.ThreadPoolExecutor%24Worker.run%28ThreadPoolExecutor.java%3A635%29%0A%09at+java.base%2Fjava.lang.Thread.run%28Thread.java%3A833%29%0A%0A%60%60%60%0A%0A%0A%23%23%23+Are+you+willing+to+submit+a+PR%3F%0A%0A-+%5B+%5D+I%27m+willing+to+submit+a+PR%21%0A","Create issue")	
ServerCnxTest.sendAddSubscriptionToTxnResponse	1	=HYPERLINK("https://github.com/lhotari/pulsar-flakes/blob/master/2023-10-27-to-2023-11-06/org.apache.pulsar.broker.service.ServerCnxTest.sendAddSubscriptionToTxnResponse.md","Report")	=HYPERLINK("https://github.com/apache/pulsar/issues?q=ServerCnxTest%20sendAddSubscriptionToTxnResponse","Issues")	=HYPERLINK("https://github.com/apache/pulsar/issues/new?labels=flaky-tests&title=Flaky-test%3A+ServerCnxTest.sendAddSubscriptionToTxnResponse&body=%0A%23%23%23+Search+before+asking%0A%0A-+%5BX%5D+I+searched+in+the+%5Bissues%5D%28https%3A%2F%2Fgithub.com%2Fapache%2Fpulsar%2Fissues%29+and+found+nothing+similar.%0A%0A%23%23%23+Example+failures%0A%0A-+%5B2023-11-04T22%3A17%3A05.5494166Z%5D%28https%3A%2F%2Fgithub.com%2Fapache%2Fpulsar%2Factions%2Fruns%2F6757378233%2Fjob%2F18368035640%23step%3A11%3A616%29+%0A%0A%0A%23%23%23+Exception+stacktrace%0A%0A%60%60%60%0Ajava.lang.ClassCastException%3A+class+org.apache.pulsar.broker.TransactionMetadataStoreService+cannot+be+cast+to+class+org.apache.pulsar.broker.resources.PulsarResources+%28org.apache.pulsar.broker.TransactionMetadataStoreService+and+org.apache.pulsar.broker.resources.PulsarResources+are+in+unnamed+module+of+loader+%27app%27%29%0A%09at+org.apache.pulsar.broker.PulsarService.getPulsarResources%28PulsarService.java%3A269%29%0A%09at+org.apache.pulsar.broker.service.TopicListService.%3Cinit%3E%28TopicListService.java%3A103%29%0A%09at+org.apache.pulsar.broker.service.ServerCnx.%3Cinit%3E%28ServerCnx.java%3A315%29%0A%09at+org.apache.pulsar.broker.service.ServerCnx.%3Cinit%3E%28ServerCnx.java%3A271%29%0A%09at+org.apache.pulsar.broker.service.ServerCnxTest.resetChannel%28ServerCnxTest.java%3A2837%29%0A%09at+org.apache.pulsar.broker.service.ServerCnxTest.sendAddSubscriptionToTxnResponse%28ServerCnxTest.java%3A3678%29%0A%09at+java.base%2Fjdk.internal.reflect.NativeMethodAccessorImpl.invoke0%28Native+Method%29%0A%09at+java.base%2Fjdk.internal.reflect.NativeMethodAccessorImpl.invoke%28NativeMethodAccessorImpl.java%3A77%29%0A%09at+java.base%2Fjdk.internal.reflect.DelegatingMethodAccessorImpl.invoke%28DelegatingMethodAccessorImpl.java%3A43%29%0A%09at+java.base%2Fjava.lang.reflect.Method.invoke%28Method.java%3A568%29%0A%09at+org.testng.internal.invokers.MethodInvocationHelper.invokeMethod%28MethodInvocationHelper.java%3A139%29%0A%09at+org.testng.internal.invokers.InvokeMethodRunnable.runOne%28InvokeMethodRunnable.java%3A47%29%0A%09at+org.testng.internal.invokers.InvokeMethodRunnable.call%28InvokeMethodRunnable.java%3A76%29%0A%09at+org.testng.internal.invokers.InvokeMethodRunnable.call%28InvokeMethodRunnable.java%3A11%29%0A%09at+java.base%2Fjava.util.concurrent.FutureTask.run%28FutureTask.java%3A264%29%0A%09at+java.base%2Fjava.util.concurrent.ThreadPoolExecutor.runWorker%28ThreadPoolExecutor.java%3A1136%29%0A%09at+java.base%2Fjava.util.concurrent.ThreadPoolExecutor%24Worker.run%28ThreadPoolExecutor.java%3A635%29%0A%09at+java.base%2Fjava.lang.Thread.run%28Thread.java%3A840%29%0A%0A%60%60%60%0A%0A%0A%23%23%23+Are+you+willing+to+submit+a+PR%3F%0A%0A-+%5B+%5D+I%27m+willing+to+submit+a+PR%21%0A","Create issue")	
PulsarOffsetBackingStoreTest.testGetSet	1	=HYPERLINK("https://github.com/lhotari/pulsar-flakes/blob/master/2023-10-27-to-2023-11-06/org.apache.pulsar.io.kafka.connect.PulsarOffsetBackingStoreTest.testGetSet.md","Report")	=HYPERLINK("https://github.com/apache/pulsar/issues?q=PulsarOffsetBackingStoreTest%20testGetSet","Issues")	=HYPERLINK("https://github.com/apache/pulsar/issues/new?labels=flaky-tests&title=Flaky-test%3A+PulsarOffsetBackingStoreTest.testGetSet&body=%0A%23%23%23+Search+before+asking%0A%0A-+%5BX%5D+I+searched+in+the+%5Bissues%5D%28https%3A%2F%2Fgithub.com%2Fapache%2Fpulsar%2Fissues%29+and+found+nothing+similar.%0A%0A%23%23%23+Example+failures%0A%0A-+%5B2023-10-30T05%3A47%3A04.5568748Z%5D%28https%3A%2F%2Fgithub.com%2Fapache%2Fpulsar%2Factions%2Fruns%2F6688692333%2Fjob%2F18171380708%23step%3A9%3A679%29+%0A%0A%0A%23%23%23+Exception+stacktrace%0A%0A%60%60%60%0Ajava.lang.AssertionError%3A+expected+%5B8%5D+but+found+%5B10%5D%0A%09at+org.testng.Assert.fail%28Assert.java%3A110%29%0A%09at+org.testng.Assert.failNotEquals%28Assert.java%3A1577%29%0A%09at+org.testng.Assert.assertEqualsImpl%28Assert.java%3A149%29%0A%09at+org.testng.Assert.assertEquals%28Assert.java%3A131%29%0A%09at+org.testng.Assert.assertEquals%28Assert.java%3A1418%29%0A%09at+org.testng.Assert.assertEquals%28Assert.java%3A1382%29%0A%09at+org.testng.Assert.assertEquals%28Assert.java%3A1428%29%0A%09at+org.apache.pulsar.io.kafka.connect.PulsarOffsetBackingStoreTest.testGetSet%28PulsarOffsetBackingStoreTest.java%3A157%29%0A%09at+org.apache.pulsar.io.kafka.connect.PulsarOffsetBackingStoreTest.testGetSet%28PulsarOffsetBackingStoreTest.java%3A120%29%0A%09at+java.base%2Fjdk.internal.reflect.NativeMethodAccessorImpl.invoke0%28Native+Method%29%0A%09at+java.base%2Fjdk.internal.reflect.NativeMethodAccessorImpl.invoke%28NativeMethodAccessorImpl.java%3A77%29%0A%09at+java.base%2Fjdk.internal.reflect.DelegatingMethodAccessorImpl.invoke%28DelegatingMethodAccessorImpl.java%3A43%29%0A%09at+java.base%2Fjava.lang.reflect.Method.invoke%28Method.java%3A568%29%0A%09at+org.testng.internal.invokers.MethodInvocationHelper.invokeMethod%28MethodInvocationHelper.java%3A139%29%0A%09at+org.testng.internal.invokers.InvokeMethodRunnable.runOne%28InvokeMethodRunnable.java%3A47%29%0A%09at+org.testng.internal.invokers.InvokeMethodRunnable.call%28InvokeMethodRunnable.java%3A76%29%0A%09at+org.testng.internal.invokers.InvokeMethodRunnable.call%28InvokeMethodRunnable.java%3A11%29%0A%09at+java.base%2Fjava.util.concurrent.FutureTask.run%28FutureTask.java%3A264%29%0A%09at+java.base%2Fjava.util.concurrent.ThreadPoolExecutor.runWorker%28ThreadPoolExecutor.java%3A1136%29%0A%09at+java.base%2Fjava.util.concurrent.ThreadPoolExecutor%24Worker.run%28ThreadPoolExecutor.java%3A635%29%0A%09at+java.base%2Fjava.lang.Thread.run%28Thread.java%3A833%29%0A%0A%60%60%60%0A%0A%0A%23%23%23+Are+you+willing+to+submit+a+PR%3F%0A%0A-+%5B+%5D+I%27m+willing+to+submit+a+PR%21%0A","Create issue")	
SimpleProducerConsumerStatTest.testPartitionTopicStats	1	=HYPERLINK("https://github.com/lhotari/pulsar-flakes/blob/master/2023-10-27-to-2023-11-06/org.apache.pulsar.client.api.SimpleProducerConsumerStatTest.testPartitionTopicStats.md","Report")	=HYPERLINK("https://github.com/apache/pulsar/issues?q=SimpleProducerConsumerStatTest%20testPartitionTopicStats","Issues")	=HYPERLINK("https://github.com/apache/pulsar/issues/new?labels=flaky-tests&title=Flaky-test%3A+SimpleProducerConsumerStatTest.testPartitionTopicStats&body=%0A%23%23%23+Search+before+asking%0A%0A-+%5BX%5D+I+searched+in+the+%5Bissues%5D%28https%3A%2F%2Fgithub.com%2Fapache%2Fpulsar%2Fissues%29+and+found+nothing+similar.%0A%0A%23%23%23+Example+failures%0A%0A-+%5B2023-10-31T09%3A36%3A49.6905376Z%5D%28https%3A%2F%2Fgithub.com%2Fapache%2Fpulsar%2Factions%2Fruns%2F6704306653%2Fjob%2F18217073969%23step%3A11%3A694%29+%0A%0A%0A%23%23%23+Exception+stacktrace%0A%0A%60%60%60%0Ajava.lang.AssertionError%3A+Received+message+my-message-2+did+not+match+the+expected+message+my-message-1+expected+%5Bmy-message-1%5D+but+found+%5Bmy-message-2%5D%0A%09at+org.testng.Assert.fail%28Assert.java%3A110%29%0A%09at+org.testng.Assert.failNotEquals%28Assert.java%3A1577%29%0A%09at+org.testng.Assert.assertEqualsImpl%28Assert.java%3A149%29%0A%09at+org.testng.Assert.assertEquals%28Assert.java%3A131%29%0A%09at+org.apache.pulsar.client.api.ProducerConsumerBase.testMessageOrderAndDuplicates%28ProducerConsumerBase.java%3A59%29%0A%09at+org.apache.pulsar.client.api.SimpleProducerConsumerStatTest.testPartitionTopicStats%28SimpleProducerConsumerStatTest.java%3A499%29%0A%09at+java.base%2Fjdk.internal.reflect.NativeMethodAccessorImpl.invoke0%28Native+Method%29%0A%09at+java.base%2Fjdk.internal.reflect.NativeMethodAccessorImpl.invoke%28NativeMethodAccessorImpl.java%3A77%29%0A%09at+java.base%2Fjdk.internal.reflect.DelegatingMethodAccessorImpl.invoke%28DelegatingMethodAccessorImpl.java%3A43%29%0A%09at+java.base%2Fjava.lang.reflect.Method.invoke%28Method.java%3A568%29%0A%09at+org.testng.internal.invokers.MethodInvocationHelper.invokeMethod%28MethodInvocationHelper.java%3A139%29%0A%09at+org.testng.internal.invokers.InvokeMethodRunnable.runOne%28InvokeMethodRunnable.java%3A47%29%0A%09at+org.testng.internal.invokers.InvokeMethodRunnable.call%28InvokeMethodRunnable.java%3A76%29%0A%09at+org.testng.internal.invokers.InvokeMethodRunnable.call%28InvokeMethodRunnable.java%3A11%29%0A%09at+java.base%2Fjava.util.concurrent.FutureTask.run%28FutureTask.java%3A264%29%0A%09at+java.base%2Fjava.util.concurrent.ThreadPoolExecutor.runWorker%28ThreadPoolExecutor.java%3A1136%29%0A%09at+java.base%2Fjava.util.concurrent.ThreadPoolExecutor%24Worker.run%28ThreadPoolExecutor.java%3A635%29%0A%09at+java.base%2Fjava.lang.Thread.run%28Thread.java%3A833%29%0A%0A%60%60%60%0A%0A%0A%23%23%23+Are+you+willing+to+submit+a+PR%3F%0A%0A-+%5B+%5D+I%27m+willing+to+submit+a+PR%21%0A","Create issue")	
TopicReaderTest.testMultiReaderIsAbleToSeekWithTimeOnMiddleOfTopic	1	=HYPERLINK("https://github.com/lhotari/pulsar-flakes/blob/master/2023-10-27-to-2023-11-06/org.apache.pulsar.client.api.TopicReaderTest.testMultiReaderIsAbleToSeekWithTimeOnMiddleOfTopic.md","Report")	=HYPERLINK("https://github.com/apache/pulsar/issues?q=TopicReaderTest%20testMultiReaderIsAbleToSeekWithTimeOnMiddleOfTopic","Issues")	=HYPERLINK("https://github.com/apache/pulsar/issues/new?labels=flaky-tests&title=Flaky-test%3A+TopicReaderTest.testMultiReaderIsAbleToSeekWithTimeOnMiddleOfTopic&body=%0A%23%23%23+Search+before+asking%0A%0A-+%5BX%5D+I+searched+in+the+%5Bissues%5D%28https%3A%2F%2Fgithub.com%2Fapache%2Fpulsar%2Fissues%29+and+found+nothing+similar.%0A%0A%23%23%23+Example+failures%0A%0A-+%5B2023-10-30T05%3A42%3A57.8972058Z%5D%28https%3A%2F%2Fgithub.com%2Fapache%2Fpulsar%2Factions%2Fruns%2F6688692331%2Fjob%2F18171139255%23step%3A8%3A1408%29+%0A%0A%0A%23%23%23+Exception+stacktrace%0A%0A%60%60%60%0Ajava.lang.AssertionError%3A+Received+duplicate+message+msg+num+6+expected+%5Btrue%5D+but+found+%5Bfalse%5D%0A%09at+org.testng.Assert.fail%28Assert.java%3A110%29%0A%09at+org.testng.Assert.failNotEquals%28Assert.java%3A1577%29%0A%09at+org.testng.Assert.assertTrue%28Assert.java%3A56%29%0A%09at+org.apache.pulsar.client.api.TopicReaderTest.testMultiReaderIsAbleToSeekWithTimeOnMiddleOfTopic%28TopicReaderTest.java%3A1407%29%0A%09at+java.base%2Fjdk.internal.reflect.NativeMethodAccessorImpl.invoke0%28Native+Method%29%0A%09at+java.base%2Fjdk.internal.reflect.NativeMethodAccessorImpl.invoke%28NativeMethodAccessorImpl.java%3A77%29%0A%09at+java.base%2Fjdk.internal.reflect.DelegatingMethodAccessorImpl.invoke%28DelegatingMethodAccessorImpl.java%3A43%29%0A%09at+java.base%2Fjava.lang.reflect.Method.invoke%28Method.java%3A568%29%0A%09at+org.testng.internal.invokers.MethodInvocationHelper.invokeMethod%28MethodInvocationHelper.java%3A139%29%0A%09at+org.testng.internal.invokers.InvokeMethodRunnable.runOne%28InvokeMethodRunnable.java%3A47%29%0A%09at+org.testng.internal.invokers.InvokeMethodRunnable.call%28InvokeMethodRunnable.java%3A76%29%0A%09at+org.testng.internal.invokers.InvokeMethodRunnable.call%28InvokeMethodRunnable.java%3A11%29%0A%09at+java.base%2Fjava.util.concurrent.FutureTask.run%28FutureTask.java%3A264%29%0A%09at+java.base%2Fjava.util.concurrent.ThreadPoolExecutor.runWorker%28ThreadPoolExecutor.java%3A1136%29%0A%09at+java.base%2Fjava.util.concurrent.ThreadPoolExecutor%24Worker.run%28ThreadPoolExecutor.java%3A635%29%0A%09at+java.base%2Fjava.lang.Thread.run%28Thread.java%3A833%29%0A%0A%60%60%60%0A%0A%0A%23%23%23+Are+you+willing+to+submit+a+PR%3F%0A%0A-+%5B+%5D+I%27m+willing+to+submit+a+PR%21%0A","Create issue")	
ProxyPublishConsumeClientSideEncryptionTest.testJavaSendAndWssConsumeWithEncryptionAndCompression	1	=HYPERLINK("https://github.com/lhotari/pulsar-flakes/blob/master/2023-10-27-to-2023-11-06/org.apache.pulsar.websocket.proxy.ProxyPublishConsumeClientSideEncryptionTest.testJavaSendAndWssConsumeWithEncryptionAndCompression.md","Report")	=HYPERLINK("https://github.com/apache/pulsar/issues?q=ProxyPublishConsumeClientSideEncryptionTest%20testJavaSendAndWssConsumeWithEncryptionAndCompression","Issues")	=HYPERLINK("https://github.com/apache/pulsar/issues/new?labels=flaky-tests&title=Flaky-test%3A+ProxyPublishConsumeClientSideEncryptionTest.testJavaSendAndWssConsumeWithEncryptionAndCompression&body=%0A%23%23%23+Search+before+asking%0A%0A-+%5BX%5D+I+searched+in+the+%5Bissues%5D%28https%3A%2F%2Fgithub.com%2Fapache%2Fpulsar%2Fissues%29+and+found+nothing+similar.%0A%0A%23%23%23+Example+failures%0A%0A-+%5B2023-11-03T12%3A55%3A48.0138295Z%5D%28https%3A%2F%2Fgithub.com%2Fapache%2Fpulsar%2Factions%2Fruns%2F6745175699%2Fjob%2F18336896789%23step%3A11%3A1534%29+%0A%0A%0A%23%23%23+Exception+stacktrace%0A%0A%60%60%60%0Aorg.apache.pulsar.client.admin.PulsarAdminException%24PreconditionFailedException%3A+Topic+has+1+connected+producers%2Fconsumers%0A%09at+org.apache.pulsar.client.admin.PulsarAdminException.wrap%28PulsarAdminException.java%3A252%29%0A%09at+org.apache.pulsar.client.admin.internal.BaseResource.sync%28BaseResource.java%3A352%29%0A%09at+org.apache.pulsar.client.admin.internal.TopicsImpl.delete%28TopicsImpl.java%3A482%29%0A%09at+org.apache.pulsar.client.admin.Topics.delete%28Topics.java%3A892%29%0A%09at+org.apache.pulsar.client.admin.internal.TopicsImpl.delete%28TopicsImpl.java%3A472%29%0A%09at+org.apache.pulsar.websocket.proxy.ProxyPublishConsumeClientSideEncryptionTest.testJavaSendAndWssConsumeWithEncryptionAndCompression%28ProxyPublishConsumeClientSideEncryptionTest.java%3A272%29%0A%09at+java.base%2Fjdk.internal.reflect.NativeMethodAccessorImpl.invoke0%28Native+Method%29%0A%09at+java.base%2Fjdk.internal.reflect.NativeMethodAccessorImpl.invoke%28NativeMethodAccessorImpl.java%3A77%29%0A%09at+java.base%2Fjdk.internal.reflect.DelegatingMethodAccessorImpl.invoke%28DelegatingMethodAccessorImpl.java%3A43%29%0A%09at+java.base%2Fjava.lang.reflect.Method.invoke%28Method.java%3A568%29%0A%09at+org.testng.internal.invokers.MethodInvocationHelper.invokeMethod%28MethodInvocationHelper.java%3A139%29%0A%09at+org.testng.internal.invokers.InvokeMethodRunnable.runOne%28InvokeMethodRunnable.java%3A47%29%0A%09at+org.testng.internal.invokers.InvokeMethodRunnable.call%28InvokeMethodRunnable.java%3A76%29%0A%09at+org.testng.internal.invokers.InvokeMethodRunnable.call%28InvokeMethodRunnable.java%3A11%29%0A%09at+java.base%2Fjava.util.concurrent.FutureTask.run%28FutureTask.java%3A264%29%0A%09at+java.base%2Fjava.util.concurrent.ThreadPoolExecutor.runWorker%28ThreadPoolExecutor.java%3A1136%29%0A%09at+java.base%2Fjava.util.concurrent.ThreadPoolExecutor%24Worker.run%28ThreadPoolExecutor.java%3A635%29%0A%09at+java.base%2Fjava.lang.Thread.run%28Thread.java%3A840%29%0A%09Suppressed%3A+org.apache.pulsar.client.admin.PulsarAdminException%24PreconditionFailedException%3A+Topic+has+1+connected+producers%2Fconsumers%0A%09%09at+org.apache.pulsar.client.admin.internal.BaseResource.getApiException%28BaseResource.java%3A289%29%0A%09%09at+org.apache.pulsar.client.admin.internal.BaseResource%244.failed%28BaseResource.java%3A237%29%0A%09%09at+org.glassfish.jersey.client.JerseyInvocation%241.failed%28JerseyInvocation.java%3A882%29%0A%09%09at+org.glassfish.jersey.client.JerseyInvocation%241.completed%28JerseyInvocation.java%3A863%29%0A%09%09at+org.glassfish.jersey.client.ClientRuntime.processResponse%28ClientRuntime.java%3A229%29%0A%09%09at+org.glassfish.jersey.client.ClientRuntime.access%24200%28ClientRuntime.java%3A62%29%0A%09%09at+org.glassfish.jersey.client.ClientRuntime%242.lambda%24response%240%28ClientRuntime.java%3A173%29%0A%09%09at+org.glassfish.jersey.internal.Errors%241.call%28Errors.java%3A248%29%0A%09%09at+org.glassfish.jersey.internal.Errors%241.call%28Errors.java%3A244%29%0A%09%09at+org.glassfish.jersey.internal.Errors.process%28Errors.java%3A292%29%0A%09%09at+org.glassfish.jersey.internal.Errors.process%28Errors.java%3A274%29%0A%09%09at+org.glassfish.jersey.internal.Errors.process%28Errors.java%3A244%29%0A%09%09at+org.glassfish.jersey.process.internal.RequestScope.runInScope%28RequestScope.java%3A288%29%0A%09%09at+org.glassfish.jersey.client.ClientRuntime%242.response%28ClientRuntime.java%3A173%29%0A%09%09at+org.apache.pulsar.client.admin.internal.http.AsyncHttpConnector.lambda%24apply%241%28AsyncHttpConnector.java%3A254%29%0A%09%09at+java.base%2Fjava.util.concurrent.CompletableFuture.uniWhenComplete%28CompletableFuture.java%3A863%29%0A%09%09at+java.base%2Fjava.util.concurrent.CompletableFuture%24UniWhenComplete.tryFire%28CompletableFuture.java%3A841%29%0A%09%09at+java.base%2Fjava.util.concurrent.CompletableFuture.postComplete%28CompletableFuture.java%3A510%29%0A%09%09at+java.base%2Fjava.util.concurrent.CompletableFuture.complete%28CompletableFuture.java%3A2147%29%0A%09%09at+org.apache.pulsar.client.admin.internal.http.AsyncHttpConnector.lambda%24retryOperation%244%28AsyncHttpConnector.java%3A296%29%0A%09%09at+java.base%2Fjava.util.concurrent.CompletableFuture.uniWhenComplete%28CompletableFuture.java%3A863%29%0A%09%09at+java.base%2Fjava.util.concurrent.CompletableFuture%24UniWhenComplete.tryFire%28CompletableFuture.java%3A841%29%0A%09%09at+java.base%2Fjava.util.concurrent.CompletableFuture.postComplete%28CompletableFuture.java%3A510%29%0A%09%09at+java.base%2Fjava.util.concurrent.CompletableFuture.complete%28CompletableFuture.java%3A2147%29%0A%09%09at+org.asynchttpclient.netty.NettyResponseFuture.loadContent%28NettyResponseFuture.java%3A222%29%0A%09%09at+org.asynchttpclient.netty.NettyResponseFuture.done%28NettyResponseFuture.java%3A257%29%0A%09%09at+org.asynchttpclient.netty.handler.AsyncHttpClientHandler.finishUpdate%28AsyncHttpClientHandler.java%3A241%29%0A%09%09at+org.asynchttpclient.netty.handler.HttpHandler.handleChunk%28HttpHandler.java%3A114%29%0A%09%09at+org.asynchttpclient.netty.handler.HttpHandler.handleRead%28HttpHandler.java%3A143%29%0A%09%09at+org.asynchttpclient.netty.handler.AsyncHttpClientHandler.channelRead%28AsyncHttpClientHandler.java%3A78%29%0A%09%09at+io.netty.channel.AbstractChannelHandlerContext.invokeChannelRead%28AbstractChannelHandlerContext.java%3A444%29%0A%09%09at+io.netty.channel.AbstractChannelHandlerContext.invokeChannelRead%28AbstractChannelHandlerContext.java%3A420%29%0A%09%09at+io.netty.channel.AbstractChannelHandlerContext.fireChannelRead%28AbstractChannelHandlerContext.java%3A412%29%0A%09%09at+io.netty.handler.codec.MessageToMessageDecoder.channelRead%28MessageToMessageDecoder.java%3A103%29%0A%09%09at+io.netty.channel.AbstractChannelHandlerContext.invokeChannelRead%28AbstractChannelHandlerContext.java%3A444%29%0A%09%09at+io.netty.channel.AbstractChannelHandlerContext.invokeChannelRead%28AbstractChannelHandlerContext.java%3A420%29%0A%09%09at+io.netty.channel.AbstractChannelHandlerContext.fireChannelRead%28AbstractChannelHandlerContext.java%3A412%29%0A%09%09at+io.netty.channel.CombinedChannelDuplexHandler%24DelegatingChannelHandlerContext.fireChannelRead%28CombinedChannelDuplexHandler.java%3A436%29%0A%09%09at+io.netty.handler.codec.ByteToMessageDecoder.fireChannelRead%28ByteToMessageDecoder.java%3A346%29%0A%09%09at+io.netty.handler.codec.ByteToMessageDecoder.channelRead%28ByteToMessageDecoder.java%3A318%29%0A%09%09at+io.netty.channel.CombinedChannelDuplexHandler.channelRead%28CombinedChannelDuplexHandler.java%3A251%29%0A%09%09at+io.netty.channel.AbstractChannelHandlerContext.invokeChannelRead%28AbstractChannelHandlerContext.java%3A442%29%0A%09%09at+io.netty.channel.AbstractChannelHandlerContext.invokeChannelRead%28AbstractChannelHandlerContext.java%3A420%29%0A%09%09at+io.netty.channel.AbstractChannelHandlerContext.fireChannelRead%28AbstractChannelHandlerContext.java%3A412%29%0A%09%09at+io.netty.channel.DefaultChannelPipeline%24HeadContext.channelRead%28DefaultChannelPipeline.java%3A1410%29%0A%09%09at+io.netty.channel.AbstractChannelHandlerContext.invokeChannelRead%28AbstractChannelHandlerContext.java%3A440%29%0A%09%09at+io.netty.channel.AbstractChannelHandlerContext.invokeChannelRead%28AbstractChannelHandlerContext.java%3A420%29%0A%09%09at+io.netty.channel.DefaultChannelPipeline.fireChannelRead%28DefaultChannelPipeline.java%3A919%29%0A%09%09at+io.netty.channel.nio.AbstractNioByteChannel%24NioByteUnsafe.read%28AbstractNioByteChannel.java%3A166%29%0A%09%09at+io.netty.channel.nio.NioEventLoop.processSelectedKey%28NioEventLoop.java%3A788%29%0A%09%09at+i","Create issue")	
PulsarFunctionE2ETest.testFunctionAutomaticSubCleanup	1	=HYPERLINK("https://github.com/lhotari/pulsar-flakes/blob/master/2023-10-27-to-2023-11-06/org.apache.pulsar.io.PulsarFunctionE2ETest.testFunctionAutomaticSubCleanup.md","Report")	=HYPERLINK("https://github.com/apache/pulsar/issues?q=PulsarFunctionE2ETest%20testFunctionAutomaticSubCleanup","Issues")	=HYPERLINK("https://github.com/apache/pulsar/issues/new?labels=flaky-tests&title=Flaky-test%3A+PulsarFunctionE2ETest.testFunctionAutomaticSubCleanup&body=%0A%23%23%23+Search+before+asking%0A%0A-+%5BX%5D+I+searched+in+the+%5Bissues%5D%28https%3A%2F%2Fgithub.com%2Fapache%2Fpulsar%2Fissues%29+and+found+nothing+similar.%0A%0A%23%23%23+Example+failures%0A%0A-+%5B2023-11-03T08%3A58%3A24.6901032Z%5D%28https%3A%2F%2Fgithub.com%2Fapache%2Fpulsar%2Factions%2Fruns%2F6742967060%2Fjob%2F18330222014%23step%3A11%3A1107%29+%0A%0A%0A%23%23%23+Exception+stacktrace%0A%0A%60%60%60%0Ajava.lang.AssertionError%3A+expected+%5B10%5D+but+found+%5B0%5D%0A%09at+org.testng.Assert.fail%28Assert.java%3A110%29%0A%09at+org.testng.Assert.failNotEquals%28Assert.java%3A1577%29%0A%09at+org.testng.Assert.assertEqualsImpl%28Assert.java%3A149%29%0A%09at+org.testng.Assert.assertEquals%28Assert.java%3A131%29%0A%09at+org.testng.Assert.assertEquals%28Assert.java%3A1418%29%0A%09at+org.testng.Assert.assertEquals%28Assert.java%3A1382%29%0A%09at+org.testng.Assert.assertEquals%28Assert.java%3A1428%29%0A%09at+org.apache.pulsar.io.PulsarFunctionE2ETest.testFunctionAutomaticSubCleanup%28PulsarFunctionE2ETest.java%3A919%29%0A%09at+java.base%2Fjdk.internal.reflect.NativeMethodAccessorImpl.invoke0%28Native+Method%29%0A%09at+java.base%2Fjdk.internal.reflect.NativeMethodAccessorImpl.invoke%28NativeMethodAccessorImpl.java%3A77%29%0A%09at+java.base%2Fjdk.internal.reflect.DelegatingMethodAccessorImpl.invoke%28DelegatingMethodAccessorImpl.java%3A43%29%0A%09at+java.base%2Fjava.lang.reflect.Method.invoke%28Method.java%3A568%29%0A%09at+org.testng.internal.invokers.MethodInvocationHelper.invokeMethod%28MethodInvocationHelper.java%3A139%29%0A%09at+org.testng.internal.invokers.InvokeMethodRunnable.runOne%28InvokeMethodRunnable.java%3A47%29%0A%09at+org.testng.internal.invokers.InvokeMethodRunnable.call%28InvokeMethodRunnable.java%3A76%29%0A%09at+org.testng.internal.invokers.InvokeMethodRunnable.call%28InvokeMethodRunnable.java%3A11%29%0A%09at+java.base%2Fjava.util.concurrent.FutureTask.run%28FutureTask.java%3A264%29%0A%09at+java.base%2Fjava.util.concurrent.ThreadPoolExecutor.runWorker%28ThreadPoolExecutor.java%3A1136%29%0A%09at+java.base%2Fjava.util.concurrent.ThreadPoolExecutor%24Worker.run%28ThreadPoolExecutor.java%3A635%29%0A%09at+java.base%2Fjava.lang.Thread.run%28Thread.java%3A840%29%0A%0A%60%60%60%0A%0A%0A%23%23%23+Are+you+willing+to+submit+a+PR%3F%0A%0A-+%5B+%5D+I%27m+willing+to+submit+a+PR%21%0A","Create issue")	
ExtensibleLoadManagerImplTest.initializeState	1	=HYPERLINK("https://github.com/lhotari/pulsar-flakes/blob/master/2023-10-27-to-2023-11-06/org.apache.pulsar.broker.loadbalance.extensions.ExtensibleLoadManagerImplTest.initializeState.md","Report")	=HYPERLINK("https://github.com/apache/pulsar/issues?q=ExtensibleLoadManagerImplTest%20initializeState","Issues")	=HYPERLINK("https://github.com/apache/pulsar/issues/new?labels=flaky-tests&title=Flaky-test%3A+ExtensibleLoadManagerImplTest.initializeState&body=%0A%23%23%23+Search+before+asking%0A%0A-+%5BX%5D+I+searched+in+the+%5Bissues%5D%28https%3A%2F%2Fgithub.com%2Fapache%2Fpulsar%2Fissues%29+and+found+nothing+similar.%0A%0A%23%23%23+Example+failures%0A%0A-+%5B2023-10-30T16%3A30%3A03.4592428Z%5D%28https%3A%2F%2Fgithub.com%2Fapache%2Fpulsar%2Factions%2Fruns%2F6695386428%2Fjob%2F18191579828%23step%3A11%3A1201%29+%0A%0A%0A%23%23%23+Exception+stacktrace%0A%0A%60%60%60%0Aorg.apache.pulsar.client.admin.PulsarAdminException%24ServerSideErrorException%3A+HTTP+500+%7B%7D%0A%09at+org.apache.pulsar.client.admin.PulsarAdminException.wrap%28PulsarAdminException.java%3A252%29%0A%09at+org.apache.pulsar.client.admin.internal.BaseResource.sync%28BaseResource.java%3A352%29%0A%09at+org.apache.pulsar.client.admin.internal.NamespacesImpl.unload%28NamespacesImpl.java%3A789%29%0A%09at+org.apache.pulsar.broker.loadbalance.extensions.ExtensibleLoadManagerImplTest.initializeState%28ExtensibleLoadManagerImplTest.java%3A207%29%0A%09at+java.base%2Fjdk.internal.reflect.NativeMethodAccessorImpl.invoke0%28Native+Method%29%0A%09at+java.base%2Fjdk.internal.reflect.NativeMethodAccessorImpl.invoke%28NativeMethodAccessorImpl.java%3A77%29%0A%09at+java.base%2Fjdk.internal.reflect.DelegatingMethodAccessorImpl.invoke%28DelegatingMethodAccessorImpl.java%3A43%29%0A%09at+java.base%2Fjava.lang.reflect.Method.invoke%28Method.java%3A568%29%0A%09at+org.testng.internal.invokers.MethodInvocationHelper.invokeMethod%28MethodInvocationHelper.java%3A139%29%0A%09at+org.testng.internal.invokers.MethodInvocationHelper.invokeMethodConsideringTimeout%28MethodInvocationHelper.java%3A69%29%0A%09at+org.testng.internal.invokers.ConfigInvoker.invokeConfigurationMethod%28ConfigInvoker.java%3A361%29%0A%09at+org.testng.internal.invokers.ConfigInvoker.invokeConfigurations%28ConfigInvoker.java%3A296%29%0A%09at+org.testng.internal.invokers.TestInvoker.runConfigMethods%28TestInvoker.java%3A823%29%0A%09at+org.testng.internal.invokers.TestInvoker.invokeMethod%28TestInvoker.java%3A590%29%0A%09at+org.testng.internal.invokers.TestInvoker.invokeTestMethod%28TestInvoker.java%3A221%29%0A%09at+org.testng.internal.invokers.MethodRunner.runInSequence%28MethodRunner.java%3A50%29%0A%09at+org.testng.internal.invokers.TestInvoker%24MethodInvocationAgent.invoke%28TestInvoker.java%3A969%29%0A%09at+org.testng.internal.invokers.TestInvoker.invokeTestMethods%28TestInvoker.java%3A194%29%0A%09at+org.testng.internal.invokers.TestMethodWorker.invokeTestMethods%28TestMethodWorker.java%3A148%29%0A%09at+org.testng.internal.invokers.TestMethodWorker.run%28TestMethodWorker.java%3A128%29%0A%09at+java.base%2Fjava.util.ArrayList.forEach%28ArrayList.java%3A1511%29%0A%09at+org.testng.TestRunner.privateRun%28TestRunner.java%3A829%29%0A%09at+org.testng.TestRunner.run%28TestRunner.java%3A602%29%0A%09at+org.testng.SuiteRunner.runTest%28SuiteRunner.java%3A437%29%0A%09at+org.testng.SuiteRunner.runSequentially%28SuiteRunner.java%3A431%29%0A%09at+org.testng.SuiteRunner.privateRun%28SuiteRunner.java%3A391%29%0A%09at+org.testng.SuiteRunner.run%28SuiteRunner.java%3A330%29%0A%09at+org.testng.SuiteRunnerWorker.runSuite%28SuiteRunnerWorker.java%3A52%29%0A%09at+org.testng.SuiteRunnerWorker.run%28SuiteRunnerWorker.java%3A95%29%0A%09at+org.testng.TestNG.runSuitesSequentially%28TestNG.java%3A1256%29%0A%09at+org.testng.TestNG.runSuitesLocally%28TestNG.java%3A1176%29%0A%09at+org.testng.TestNG.runSuites%28TestNG.java%3A1099%29%0A%09at+org.testng.TestNG.run%28TestNG.java%3A1067%29%0A%09at+org.apache.maven.surefire.testng.TestNGExecutor.run%28TestNGExecutor.java%3A155%29%0A%09at+org.apache.maven.surefire.testng.TestNGDirectoryTestSuite.executeSingleClass%28TestNGDirectoryTestSuite.java%3A102%29%0A%09at+org.apache.maven.surefire.testng.TestNGDirectoryTestSuite.executeLazy%28TestNGDirectoryTestSuite.java%3A117%29%0A%09at+org.apache.maven.surefire.testng.TestNGDirectoryTestSuite.execute%28TestNGDirectoryTestSuite.java%3A86%29%0A%09at+org.apache.maven.surefire.testng.TestNGProvider.invoke%28TestNGProvider.java%3A137%29%0A%09at+org.apache.maven.surefire.booter.ForkedBooter.runSuitesInProcess%28ForkedBooter.java%3A385%29%0A%09at+org.apache.maven.surefire.booter.ForkedBooter.execute%28ForkedBooter.java%3A162%29%0A%09at+org.apache.maven.surefire.booter.ForkedBooter.run%28ForkedBooter.java%3A507%29%0A%09at+org.apache.maven.surefire.booter.ForkedBooter.main%28ForkedBooter.java%3A495%29%0A%09Suppressed%3A+org.apache.pulsar.client.admin.PulsarAdminException%24ServerSideErrorException%3A+HTTP+500+%7B%7D%0A%09%09at+org.apache.pulsar.client.admin.internal.BaseResource.getApiException%28BaseResource.java%3A272%29%0A%09%09at+org.apache.pulsar.client.admin.internal.BaseResource%241.failed%28BaseResource.java%3A136%29%0A%09%09at+org.glassfish.jersey.client.JerseyInvocation%241.failed%28JerseyInvocation.java%3A882%29%0A%09%09at+org.glassfish.jersey.client.JerseyInvocation%241.completed%28JerseyInvocation.java%3A863%29%0A%09%09at+org.glassfish.jersey.client.ClientRuntime.processResponse%28ClientRuntime.java%3A229%29%0A%09%09at+org.glassfish.jersey.client.ClientRuntime.access%24200%28ClientRuntime.java%3A62%29%0A%09%09at+org.glassfish.jersey.client.ClientRuntime%242.lambda%24response%240%28ClientRuntime.java%3A173%29%0A%09%09at+org.glassfish.jersey.internal.Errors%241.call%28Errors.java%3A248%29%0A%09%09at+org.glassfish.jersey.internal.Errors%241.call%28Errors.java%3A244%29%0A%09%09at+org.glassfish.jersey.internal.Errors.process%28Errors.java%3A292%29%0A%09%09at+org.glassfish.jersey.internal.Errors.process%28Errors.java%3A274%29%0A%09%09at+org.glassfish.jersey.internal.Errors.process%28Errors.java%3A244%29%0A%09%09at+org.glassfish.jersey.process.internal.RequestScope.runInScope%28RequestScope.java%3A288%29%0A%09%09at+org.glassfish.jersey.client.ClientRuntime%242.response%28ClientRuntime.java%3A173%29%0A%09%09at+org.apache.pulsar.client.admin.internal.http.AsyncHttpConnector.lambda%24apply%241%28AsyncHttpConnector.java%3A254%29%0A%09%09at+java.base%2Fjava.util.concurrent.CompletableFuture.uniWhenComplete%28CompletableFuture.java%3A863%29%0A%09%09at+java.base%2Fjava.util.concurrent.CompletableFuture%24UniWhenComplete.tryFire%28CompletableFuture.java%3A841%29%0A%09%09at+java.base%2Fjava.util.concurrent.CompletableFuture.postComplete%28CompletableFuture.java%3A510%29%0A%09%09at+java.base%2Fjava.util.concurrent.CompletableFuture.complete%28CompletableFuture.java%3A2147%29%0A%09%09at+org.apache.pulsar.client.admin.internal.http.AsyncHttpConnector.lambda%24retryOperation%244%28AsyncHttpConnector.java%3A296%29%0A%09%09at+java.base%2Fjava.util.concurrent.CompletableFuture.uniWhenComplete%28CompletableFuture.java%3A863%29%0A%09%09at+java.base%2Fjava.util.concurrent.CompletableFuture%24UniWhenComplete.tryFire%28CompletableFuture.java%3A841%29%0A%09%09at+java.base%2Fjava.util.concurrent.CompletableFuture.postComplete%28CompletableFuture.java%3A510%29%0A%09%09at+java.base%2Fjava.util.concurrent.CompletableFuture.complete%28CompletableFuture.java%3A2147%29%0A%09%09at+org.asynchttpclient.netty.NettyResponseFuture.loadContent%28NettyResponseFuture.java%3A222%29%0A%09%09at+org.asynchttpclient.netty.NettyResponseFuture.done%28NettyResponseFuture.java%3A257%29%0A%09%09at+org.asynchttpclient.netty.handler.AsyncHttpClientHandler.finishUpdate%28AsyncHttpClientHandler.java%3A241%29%0A%09%09at+org.asynchttpclient.netty.handler.HttpHandler.handleChunk%28HttpHandler.java%3A114%29%0A%09%09at+org.asynchttpclient.netty.handler.HttpHandler.handleRead%28HttpHandler.java%3A143%29%0A%09%09at+org.asynchttpclient.netty.handler.AsyncHttpClientHandler.channelRead%28AsyncHttpClientHandler.java%3A78%29%0A%09%09at+io.netty.channel.AbstractChannelHandlerContext.invokeChannelRead%28AbstractChannelHandlerContext.java%3A444%29%0A%09%09at+io.netty.channel.AbstractChannelHandlerContext.invokeChannelRead%28AbstractChannelHandlerContext.java%3A420%29%0A%09%09at+io.netty.channel.AbstractChannelHandlerContext.fireChannelRead%28AbstractChannelHandlerContext.java%3A412%29%0A%09%09at+io.netty.handler.codec.MessageToMessageDecoder.channelRead%28MessageToMessa","Create issue")	
RGUsageMTAggrWaitForAllMsgsTest.testMTProduceConsumeRGUsagePersistentTopicNamesDifferentTenant	1	=HYPERLINK("https://github.com/lhotari/pulsar-flakes/blob/master/2023-10-27-to-2023-11-06/org.apache.pulsar.broker.resourcegroup.RGUsageMTAggrWaitForAllMsgsTest.testMTProduceConsumeRGUsagePersistentTopicNamesDifferentTenant.md","Report")	=HYPERLINK("https://github.com/apache/pulsar/issues?q=RGUsageMTAggrWaitForAllMsgsTest%20testMTProduceConsumeRGUsagePersistentTopicNamesDifferentTenant","Issues")	=HYPERLINK("https://github.com/apache/pulsar/issues/new?labels=flaky-tests&title=Flaky-test%3A+RGUsageMTAggrWaitForAllMsgsTest.testMTProduceConsumeRGUsagePersistentTopicNamesDifferentTenant&body=%0A%23%23%23+Search+before+asking%0A%0A-+%5BX%5D+I+searched+in+the+%5Bissues%5D%28https%3A%2F%2Fgithub.com%2Fapache%2Fpulsar%2Fissues%29+and+found+nothing+similar.%0A%0A%23%23%23+Example+failures%0A%0A-+%5B2023-10-30T05%3A49%3A38.4552976Z%5D%28https%3A%2F%2Fgithub.com%2Fapache%2Fpulsar%2Factions%2Fruns%2F6688685076%2Fjob%2F18171345875%23step%3A9%3A935%29+%0A%0A%0A%23%23%23+Exception+stacktrace%0A%0A%60%60%60%0Ajava.lang.AssertionError%3A+expected+%5B400%5D+but+found+%5B0%5D%0A%09at+org.testng.Assert.fail%28Assert.java%3A110%29%0A%09at+org.testng.Assert.failNotEquals%28Assert.java%3A1577%29%0A%09at+org.testng.Assert.assertEqualsImpl%28Assert.java%3A149%29%0A%09at+org.testng.Assert.assertEquals%28Assert.java%3A131%29%0A%09at+org.testng.Assert.assertEquals%28Assert.java%3A1418%29%0A%09at+org.testng.Assert.assertEquals%28Assert.java%3A1382%29%0A%09at+org.testng.Assert.assertEquals%28Assert.java%3A1428%29%0A%09at+org.apache.pulsar.broker.resourcegroup.RGUsageMTAggrWaitForAllMsgsTest.testProduceConsumeUsageOnRG%28RGUsageMTAggrWaitForAllMsgsTest.java%3A463%29%0A%09at+org.apache.pulsar.broker.resourcegroup.RGUsageMTAggrWaitForAllMsgsTest.testMTProduceConsumeRGUsagePersistentTopicNamesDifferentTenant%28RGUsageMTAggrWaitForAllMsgsTest.java%3A103%29%0A%09at+java.base%2Fjdk.internal.reflect.NativeMethodAccessorImpl.invoke0%28Native+Method%29%0A%09at+java.base%2Fjdk.internal.reflect.NativeMethodAccessorImpl.invoke%28NativeMethodAccessorImpl.java%3A77%29%0A%09at+java.base%2Fjdk.internal.reflect.DelegatingMethodAccessorImpl.invoke%28DelegatingMethodAccessorImpl.java%3A43%29%0A%09at+java.base%2Fjava.lang.reflect.Method.invoke%28Method.java%3A568%29%0A%09at+org.testng.internal.invokers.MethodInvocationHelper.invokeMethod%28MethodInvocationHelper.java%3A139%29%0A%09at+org.testng.internal.invokers.InvokeMethodRunnable.runOne%28InvokeMethodRunnable.java%3A47%29%0A%09at+org.testng.internal.invokers.InvokeMethodRunnable.call%28InvokeMethodRunnable.java%3A76%29%0A%09at+org.testng.internal.invokers.InvokeMethodRunnable.call%28InvokeMethodRunnable.java%3A11%29%0A%09at+java.base%2Fjava.util.concurrent.FutureTask.run%28FutureTask.java%3A264%29%0A%09at+java.base%2Fjava.util.concurrent.ThreadPoolExecutor.runWorker%28ThreadPoolExecutor.java%3A1136%29%0A%09at+java.base%2Fjava.util.concurrent.ThreadPoolExecutor%24Worker.run%28ThreadPoolExecutor.java%3A635%29%0A%09at+java.base%2Fjava.lang.Thread.run%28Thread.java%3A833%29%0A%0A%60%60%60%0A%0A%0A%23%23%23+Are+you+willing+to+submit+a+PR%3F%0A%0A-+%5B+%5D+I%27m+willing+to+submit+a+PR%21%0A","Create issue")	
ManagedLedgerTest.testManagedLedgerRollOverIfFull	1	=HYPERLINK("https://github.com/lhotari/pulsar-flakes/blob/master/2023-10-27-to-2023-11-06/org.apache.bookkeeper.mledger.impl.ManagedLedgerTest.testManagedLedgerRollOverIfFull.md","Report")	=HYPERLINK("https://github.com/apache/pulsar/issues?q=ManagedLedgerTest%20testManagedLedgerRollOverIfFull","Issues")	=HYPERLINK("https://github.com/apache/pulsar/issues/new?labels=flaky-tests&title=Flaky-test%3A+ManagedLedgerTest.testManagedLedgerRollOverIfFull&body=%0A%23%23%23+Search+before+asking%0A%0A-+%5BX%5D+I+searched+in+the+%5Bissues%5D%28https%3A%2F%2Fgithub.com%2Fapache%2Fpulsar%2Fissues%29+and+found+nothing+similar.%0A%0A%23%23%23+Example+failures%0A%0A-+%5B2023-11-03T06%3A14%3A29.8773160Z%5D%28https%3A%2F%2Fgithub.com%2Fapache%2Fpulsar%2Factions%2Fruns%2F6727221755%2Fjob%2F18326689431%23step%3A11%3A84%29+%0A%0A%0A%23%23%23+Exception+stacktrace%0A%0A%60%60%60%0Aorg.awaitility.core.ConditionTimeoutException%3A+Assertion+condition+defined+as+a+org.apache.bookkeeper.mledger.impl.ManagedLedgerTest+expected+%5B5%5D+but+found+%5B4%5D+within+10+seconds.%0A%09at+org.awaitility.core.ConditionAwaiter.await%28ConditionAwaiter.java%3A167%29%0A%09at+org.awaitility.core.AssertionCondition.await%28AssertionCondition.java%3A119%29%0A%09at+org.awaitility.core.AssertionCondition.await%28AssertionCondition.java%3A31%29%0A%09at+org.awaitility.core.ConditionFactory.until%28ConditionFactory.java%3A985%29%0A%09at+org.awaitility.core.ConditionFactory.untilAsserted%28ConditionFactory.java%3A769%29%0A%09at+org.apache.bookkeeper.mledger.impl.ManagedLedgerTest.testManagedLedgerRollOverIfFull%28ManagedLedgerTest.java%3A3465%29%0A%09at+java.base%2Fjdk.internal.reflect.NativeMethodAccessorImpl.invoke0%28Native+Method%29%0A%09at+java.base%2Fjdk.internal.reflect.NativeMethodAccessorImpl.invoke%28NativeMethodAccessorImpl.java%3A77%29%0A%09at+java.base%2Fjdk.internal.reflect.DelegatingMethodAccessorImpl.invoke%28DelegatingMethodAccessorImpl.java%3A43%29%0A%09at+java.base%2Fjava.lang.reflect.Method.invoke%28Method.java%3A568%29%0A%09at+org.testng.internal.invokers.MethodInvocationHelper.invokeMethod%28MethodInvocationHelper.java%3A139%29%0A%09at+org.testng.internal.invokers.InvokeMethodRunnable.runOne%28InvokeMethodRunnable.java%3A47%29%0A%09at+org.testng.internal.invokers.InvokeMethodRunnable.call%28InvokeMethodRunnable.java%3A76%29%0A%09at+org.testng.internal.invokers.InvokeMethodRunnable.call%28InvokeMethodRunnable.java%3A11%29%0A%09at+java.base%2Fjava.util.concurrent.FutureTask.run%28FutureTask.java%3A264%29%0A%09at+java.base%2Fjava.util.concurrent.ThreadPoolExecutor.runWorker%28ThreadPoolExecutor.java%3A1136%29%0A%09at+java.base%2Fjava.util.concurrent.ThreadPoolExecutor%24Worker.run%28ThreadPoolExecutor.java%3A635%29%0A%09at+java.base%2Fjava.lang.Thread.run%28Thread.java%3A840%29%0ACaused+by%3A+java.lang.AssertionError%3A+expected+%5B5%5D+but+found+%5B4%5D%0A%09at+org.testng.Assert.fail%28Assert.java%3A110%29%0A%09at+org.testng.Assert.failNotEquals%28Assert.java%3A1577%29%0A%09at+org.testng.Assert.assertEqualsImpl%28Assert.java%3A149%29%0A%09at+org.testng.Assert.assertEquals%28Assert.java%3A131%29%0A%09at+org.testng.Assert.assertEquals%28Assert.java%3A1418%29%0A%09at+org.testng.Assert.assertEquals%28Assert.java%3A1382%29%0A%09at+org.testng.Assert.assertEquals%28Assert.java%3A1428%29%0A%09at+org.apache.bookkeeper.mledger.impl.ManagedLedgerTest.lambda%24testManagedLedgerRollOverIfFull%2428%28ManagedLedgerTest.java%3A3465%29%0A%09at+org.awaitility.core.AssertionCondition.lambda%24new%240%28AssertionCondition.java%3A53%29%0A%09at+org.awaitility.core.ConditionAwaiter%24ConditionPoller.call%28ConditionAwaiter.java%3A248%29%0A%09at+org.awaitility.core.ConditionAwaiter%24ConditionPoller.call%28ConditionAwaiter.java%3A235%29%0A%09...+4+more%0A%0A%60%60%60%0A%0A%0A%23%23%23+Are+you+willing+to+submit+a+PR%3F%0A%0A-+%5B+%5D+I%27m+willing+to+submit+a+PR%21%0A","Create issue")	
DeadLetterTopicTest.testDeadLetterTopicWithInitialSubscriptionAndMultiConsumers	1	=HYPERLINK("https://github.com/lhotari/pulsar-flakes/blob/master/2023-10-27-to-2023-11-06/org.apache.pulsar.client.api.DeadLetterTopicTest.testDeadLetterTopicWithInitialSubscriptionAndMultiConsumers.md","Report")	=HYPERLINK("https://github.com/apache/pulsar/issues?q=DeadLetterTopicTest%20testDeadLetterTopicWithInitialSubscriptionAndMultiConsumers","Issues")	=HYPERLINK("https://github.com/apache/pulsar/issues/new?labels=flaky-tests&title=Flaky-test%3A+DeadLetterTopicTest.testDeadLetterTopicWithInitialSubscriptionAndMultiConsumers&body=%0A%23%23%23+Search+before+asking%0A%0A-+%5BX%5D+I+searched+in+the+%5Bissues%5D%28https%3A%2F%2Fgithub.com%2Fapache%2Fpulsar%2Fissues%29+and+found+nothing+similar.%0A%0A%23%23%23+Example+failures%0A%0A-+%5B2023-11-03T05%3A58%3A32.8388443Z%5D%28https%3A%2F%2Fgithub.com%2Fapache%2Fpulsar%2Factions%2Fruns%2F6727221755%2Fjob%2F18326690181%23step%3A11%3A1534%29+%0A%0A%0A%23%23%23+Exception+stacktrace%0A%0A%60%60%60%0Ajava.lang.AssertionError%3A+Dead+letter+consumer+can+not+receive+messages.+expected+object+to+not+be+null%0A%09at+org.testng.Assert.fail%28Assert.java%3A110%29%0A%09at+org.testng.Assert.assertNotNull%28Assert.java%3A1483%29%0A%09at+org.apache.pulsar.client.api.DeadLetterTopicTest.testDeadLetterTopicWithInitialSubscriptionAndMultiConsumers%28DeadLetterTopicTest.java%3A881%29%0A%09at+java.base%2Fjdk.internal.reflect.NativeMethodAccessorImpl.invoke0%28Native+Method%29%0A%09at+java.base%2Fjdk.internal.reflect.NativeMethodAccessorImpl.invoke%28NativeMethodAccessorImpl.java%3A77%29%0A%09at+java.base%2Fjdk.internal.reflect.DelegatingMethodAccessorImpl.invoke%28DelegatingMethodAccessorImpl.java%3A43%29%0A%09at+java.base%2Fjava.lang.reflect.Method.invoke%28Method.java%3A568%29%0A%09at+org.testng.internal.invokers.MethodInvocationHelper.invokeMethod%28MethodInvocationHelper.java%3A139%29%0A%09at+org.testng.internal.invokers.InvokeMethodRunnable.runOne%28InvokeMethodRunnable.java%3A47%29%0A%09at+org.testng.internal.invokers.InvokeMethodRunnable.call%28InvokeMethodRunnable.java%3A76%29%0A%09at+org.testng.internal.invokers.InvokeMethodRunnable.call%28InvokeMethodRunnable.java%3A11%29%0A%09at+java.base%2Fjava.util.concurrent.FutureTask.run%28FutureTask.java%3A264%29%0A%09at+java.base%2Fjava.util.concurrent.ThreadPoolExecutor.runWorker%28ThreadPoolExecutor.java%3A1136%29%0A%09at+java.base%2Fjava.util.concurrent.ThreadPoolExecutor%24Worker.run%28ThreadPoolExecutor.java%3A635%29%0A%09at+java.base%2Fjava.lang.Thread.run%28Thread.java%3A840%29%0A%0A%60%60%60%0A%0A%0A%23%23%23+Are+you+willing+to+submit+a+PR%3F%0A%0A-+%5B+%5D+I%27m+willing+to+submit+a+PR%21%0A","Create issue")	
