"org.apache.pulsar.broker.resourcegroup.RGUsageMTAggrWaitForAllMsgsTest.testMTProduceConsumeRGUsagePersistentTopicNamesDifferentTenant",6
"org.apache.pulsar.broker.resourcegroup.RGUsageMTAggrWaitForAllMsgsTest.testMTProduceConsumeRGUsagePersistentTopicNamesSameTenant",6
"org.apache.pulsar.broker.service.ReplicatorRateLimiterTest.testReplicatorRateLimiterWithOnlyNamespaceLevel",5
"org.apache.pulsar.broker.service.ReplicatorRateLimiterTest.testReplicatorRateLimiterMessageNotReceivedAllMessages",5
"org.apache.pulsar.broker.service.ReplicatorRateLimiterTest.testReplicatorRateLimiterWithOnlyTopicLevel",5
"org.apache.pulsar.broker.service.ReplicatorRateLimiterTest.testReplicatorRateLimiterWithOnlyBrokerLevel",5
"org.apache.pulsar.broker.service.ReplicatorRateLimiterTest.testReplicatorRatePriority",5
"org.apache.pulsar.broker.service.ReplicatorRateLimiterTest.testReplicatorRateLimiterMessageReceivedAllMessages",5
"org.apache.pulsar.broker.service.ReplicatorRateLimiterTest.testReplicatorRateLimiterByBytes",5
"org.apache.pulsar.broker.service.ReplicatorRateLimiterTest.testReplicatorRateLimiterDynamicallyChange",5
"org.apache.pulsar.broker.admin.NamespaceAuthZTest.after",4
"org.apache.pulsar.broker.admin.GetPartitionMetadataMultiBrokerTest.testCompatibilityDifferentBrokersForNonPersistentTopic",3
"org.apache.pulsar.broker.loadbalance.extensions.BrokerRegistryIntegrationTest.testRecoverFromNodeDeletion",3
"org.apache.pulsar.broker.loadbalance.extensions.BrokerRegistryIntegrationTest.testRegisterAgain",3
"org.apache.pulsar.functions.worker.PulsarFunctionTlsTest.testFunctionsCreation",2
"org.apache.pulsar.broker.service.ReplicatorTest.testResetReplicatorSubscriptionPosition",2
"org.apache.pulsar.client.impl.ProduceWithMessageIdTest.sendWithCallBack",2
"org.apache.pulsar.transaction.coordinator.MLTransactionMetadataStoreTest.testRecoverSequenceId",1
"org.apache.pulsar.broker.loadbalance.impl.ModularLoadManagerImplTest.testRemoveNonExistBundleData",1
"org.apache.pulsar.functions.worker.FunctionAssignmentTailerTest.testProcessingAssignments",1
"org.apache.pulsar.tests.integration.messaging.GeoReplicationTest.testTopicReplication",1
"org.apache.pulsar.broker.loadbalance.extensions.ExtensibleLoadManagerImplTest.testNamespaceOwnershipListener",1
"org.apache.pulsar.client.api.SubscriptionMessageDispatchThrottlingTest.reset",1
"org.apache.pulsar.broker.loadbalance.extensions.ExtensibleLoadManagerCloseTest.testCloseAfterLoadingBundles",1
"org.apache.pulsar.websocket.proxy.ProxyPublishConsumeTest.testMultiTopics",1
"org.apache.pulsar.broker.admin.GetPartitionMetadataMultiBrokerTest.testCompatibilityForNewClientAndOldBroker",1
"org.apache.bookkeeper.mledger.impl.ManagedLedgerTest.testDeleteCurrentLedgerWhenItIsClosed",1
"org.apache.pulsar.broker.admin.v3.AdminApiTransactionTest.testGetTransactionBufferInternalStats",1
"org.apache.pulsar.tests.integration.backwardscompatibility.SmokeTest2_4.setup",1
"org.apache.pulsar.broker.service.ZkSessionExpireTest.cleanup",1
"org.apache.pulsar.tests.integration.io.sources.debezium.PulsarDebeziumSourcesTest.testDebeziumMsSqlSource",1
"org.apache.pulsar.tests.integration.io.sources.debezium.PulsarDebeziumOracleSourceTest.testDebeziumOracleDbSource",1
"org.apache.bookkeeper.mledger.impl.ManagedLedgerTest.testDoNotGetOffloadPoliciesMultipleTimesWhenTrimLedgers",1
"org.apache.pulsar.tests.integration.backwardscompatibility.ClientTest2_4.setup",1
"org.apache.pulsar.broker.service.ConsistentHashingStickyKeyConsumerSelectorTest.testConsumerSelect",1
"org.apache.pulsar.broker.service.ClusterMigrationTest.testClusterMigrationWithReplicationBacklog",1
"org.apache.pulsar.broker.loadbalance.LeaderElectionServiceTest.anErrorShouldBeThrowBeforeLeaderElected",1
"org.apache.pulsar.broker.loadbalance.extensions.ExtensibleLoadManagerImplTest.compactionScheduleTest",1